customer_id,customerName,Adresse,Post_nummer,Telefon_nummer
C20001,Amy Phillips,Motorvej Heinesgade 758,8750,(982)398-6463x4194
C20002,James Hanson,Gyde Ewaldsgade 628,6406,942-465-4159x96799
C20003,Matthew Jenkins,Gade Rolighedsvej 255,4699,845.278.4715
C20004,Matthew Hughes,Gade Ewaldsgade 2,1478,(690)855-0177x308
C20005,David Garcia,Motorvej Rolighedsvej 330,3399,534.090.4921x69762
C20006,Haley Riggs,Motorvej Toldbodgade 64,8790,000.972.6858x4047
C20007,Stanley Campbell,Allé Lavendelstræde 372,5987,3025494909
C20008,Kevin Clayton,Allé Godthåbsvej 254,8975,+1-638-465-1697
C20009,Lee Gonzalez,Baggade Godthåbsvej 3,4420,001-171-484-5381x832
C20010,Beth Orozco,Gade Howitzvej 5,7455,001-255-192-1727x433
C20011,Manuel Oconnor,Allé Blekingegade 7,4385,187.188.0420x23706
C20012,Joseph Orozco,Allé Nygade 7,7295,285-611-0490x5643
C20013,Valerie Rodriguez,Gade Rigensgade 76,5445,896.323.4340
C20014,Jerry Warren,Gade Rigensgade 250,7988,+1-306-199-7588x6361
C20015,James Turner,Baggade Rolighedsvej 177,8939,6068233969
C20016,Vanessa White,Baggade Pilestræde 68,5672,001-199-910-9064x0524
C20017,Juan Pittman,Allé Silkegade 833,9354,(948)987-3875x98319
C20018,Alicia Chung,Gade Blekingegade 270,7880,801-071-1102
C20019,Sara Davis,Parkere Kingosgade 468,3708,700-928-9906x22668
C20020,Calvin Jimenez,Baggade Martinsvej 875,3728,+1-022-988-9585x1751
C20021,Robert Gallegos,Allé Schønbergsgade 89,5064,+1-908-803-8778x6787
C20022,Alexander Fitzgerald,Motorvej Schønbergsgade 85,1712,582-864-0342x7078
C20023,Sandra Duran,Parkere Lavendelstræde 979,5735,001-054-091-9458x15666
C20024,Erin Hudson,Baggade Heinesgade 5,6908,875.073.9355
C20025,Manuel Ingram,Motorvej Toldbodgade 288,2062,132-727-9975x9893
C20026,John Ross,Gade Heinesgade 2,2628,(132)441-5091
C20027,Dr. Lawrence Roth MD,Gade Pilestræde 11,8551,+1-318-722-4282x6049
C20028,Lori Bailey,Gyde Martinsvej 77,4756,383.867.0493
C20029,Debra Hansen,Baggade Toldbodgade 8,4423,962-713-1990x51331
C20030,James Brooks,Gyde Rolighedsvej 393,6216,+1-814-272-5372
C20031,Gary Woodard,Gade Ewaldsgade 6,1367,001-972-647-3372x68254
C20032,Lydia Morgan,Motorvej Martinsvej 667,4044,990.537.6954x5665
C20033,Kevin Rice,Baggade Heinesgade 769,9864,163.498.3469
C20034,Susan George,Baggade Amalievej 8,9161,120-976-7463
C20035,Aaron Castro,Allé Howitzvej 241,5399,001-753-219-9356
C20036,Barry Ray,Allé Heinesgade 7,9848,001-110-849-6152x9375
C20037,William Mckay,Gyde Åbenrå 966,7082,001-202-486-1477x145
C20038,Jack Blankenship,Gyde Kapelvej 52,7811,692-726-6799x444
C20039,Heather Jones,Motorvej Bülowsvej 562,6716,+1-620-168-6602
C20040,Jacqueline Wallace,Motorvej Godthåbsvej 724,5235,155-959-9536x9237
C20041,Claire Horton,Gade Kapelvej 87,7149,(304)903-6518x7498
C20042,Timothy Curtis,Parkere Amalievej 47,4013,001-670-165-3290x60108
C20043,Cynthia Reese,Parkere Lavendelstræde 4,1898,833.236.3786
C20044,Nicholas White,Baggade Kingosgade 438,2631,(390)159-6933x9658
C20045,Alicia Gordon,Parkere Howitzvej 27,5678,043-753-7103x038
C20046,Melvin Gray,Baggade Lavendelstræde 6,7015,001-104-872-1783x0661
C20047,Anthony Graham,Motorvej Nygade 34,3260,396-863-0767x21358
C20048,Elizabeth Mueller,Parkere Nygade 505,6883,671-338-1157
C20049,Ashley Gonzalez,Gade Blekingegade 9,1326,001-739-956-4383x619
C20050,Gina Anderson DVM,Parkere Rolighedsvej 1,7865,007-184-0735x494
C20051,Courtney Mahoney,Gyde Bülowsvej 143,9073,053-726-8233x580
C20052,Madison Phillips,Allé Silkegade 258,3204,+1-089-782-7363x9531
C20053,George Alexander,Motorvej Adelgade 68,8188,(011)512-3014x4051
C20054,Diane Osborne,Motorvej Bülowsvej 447,2513,(978)144-4563
C20055,Kara Young,Allé Blekingegade 861,9107,(997)642-1107x53191
C20056,Jaime Benitez,Gyde Godthåbsvej 1,4578,001-990-477-1898x24636
C20057,Barbara Lee,Gade Amalievej 90,8648,001-018-964-4025x735
C20058,Christina Beasley,Motorvej Lavendelstræde 5,3133,684.190.7103
C20059,Mary Powell,Motorvej Amalievej 11,5355,924-984-0625x0345
C20060,Ronald Smith,Allé Bülowsvej 62,4407,+1-372-529-3274x65066
C20061,John Watson,Baggade Silkegade 964,7694,052-454-4449x4960
C20062,Kelly Gross,Gyde Blekingegade 2,9582,+1-257-559-1128x4662
C20063,Emily Johnson,Gade Martinsvej 4,6737,+1-771-347-7868x594
C20064,Amanda Fitzpatrick,Gade Rigensgade 3,1143,(949)197-0354
C20065,Daniel Berry,Motorvej Kingosgade 5,6702,(152)460-8653x737
C20066,Ronald Vang,Gyde Rigensgade 983,4175,447-124-1556x521
C20067,Morgan Snow,Gade Åboulevard 26,6019,735.017.9317x64454
C20068,Alexander Johnson,Gade Martinsvej 86,8177,702-979-1512x8217
C20069,Michael French,Gade Adelgade 2,9489,090-312-6725x5887
C20070,Julie Fischer,Baggade Blekingegade 6,8540,656.734.5830
C20071,Melanie Shelton,Gade Schønbergsgade 52,5202,+1-566-473-8436x3886
C20072,Megan Garza,Baggade Rigensgade 4,1569,+1-138-365-8841x949
C20073,Kenneth Robles,Parkere Silkegade 36,2528,625.142.2735
C20074,Darlene Saunders,Motorvej Ewaldsgade 6,4887,3932805988
C20075,Mrs. Rebecca Barrera,Allé Åboulevard 522,8180,+1-624-257-1850
C20076,Rachel Johnson,Baggade Bülowsvej 29,8855,001-248-565-8071
C20077,Patrick Gibson,Gyde Blekingegade 4,4828,(803)303-0641x70013
C20078,Toni Harper,Motorvej Lavendelstræde 1,6377,(216)970-5837x76586
C20079,Judy Brewer,Baggade Blekingegade 20,8050,881-130-9721
C20080,Andrew Frank MD,Motorvej Nygade 25,9707,(557)183-3084
C20081,Xavier Boyd,Gade Åboulevard 6,1596,+1-583-263-7137x735
C20082,Wayne Cole,Motorvej Rolighedsvej 8,5808,001-930-883-1023x50449
C20083,Erik Tanner,Baggade Nygade 7,7923,078-338-5132
C20084,Shannon Williams,Allé Pilestræde 38,8540,009-552-8484
C20085,Patrick Hughes,Motorvej Amalievej 2,9285,718-377-9904
C20086,Austin Benson,Motorvej Toldbodgade 650,4637,(819)522-2077x9571
C20087,Patrick Carroll,Baggade Adelgade 53,6194,248-362-5826x84333
C20088,Shawn Cruz,Gyde Godthåbsvej 877,1643,8063362559
C20089,Mr. Richard White,Gyde Martinsvej 3,9283,675.378.1845
C20090,Cody Reese,Gade Silkegade 92,7473,(671)599-9053
C20091,Carlos Romero,Motorvej Kingosgade 92,9083,169-282-2583x656
C20092,Jennifer Foster,Gyde Kapelvej 7,4661,515.954.9345x8433
C20093,Derrick Jones,Parkere Rolighedsvej 445,3324,+1-363-276-2497x733
C20094,Keith Sherman,Gade Silkegade 7,7988,043.889.3977x859
C20095,Thomas Mcgee,Motorvej Pilestræde 9,5324,130-442-4832x03382
C20096,Christopher Jones,Baggade Martinsvej 90,2132,980-515-6319
C20097,Jeffrey Obrien,Motorvej Åbenrå 96,7473,365.419.3541x0849
C20098,Rebecca Bautista,Gyde Silkegade 369,8392,4260145542
C20099,Brittany Johnson,Allé Kapelvej 472,2882,9450483494
C20100,Ernest Randall,Gade Bülowsvej 2,7043,(487)649-7328x778
C20101,Anthony Kennedy,Gyde Godthåbsvej 45,2610,104-657-1402x872
C20102,Jose Mathews,Motorvej Kapelvej 423,4599,+1-024-082-9087x7468
C20103,Traci Schroeder,Allé Åboulevard 227,2573,001-430-559-4903x6742
C20104,Jaime Bruce,Parkere Adelgade 1,6359,(029)014-4336x632
C20105,Sarah Parker,Parkere Lavendelstræde 4,9690,537-142-2213x4593
C20106,Andrea Sanders,Baggade Åbenrå 8,6615,001-267-822-8347
C20107,Sharon Hernandez,Allé Åbenrå 6,5774,(591)189-9992x496
C20108,Justin Lawrence,Baggade Toldbodgade 42,5686,240.216.6329x1381
C20109,Samantha Hebert,Baggade Ewaldsgade 6,2558,5993449909
C20110,Brian Beasley,Gyde Kingosgade 16,4194,+1-555-101-7651x45954
C20111,Amanda Foster,Gade Godthåbsvej 860,5830,(402)215-6914x9598
C20112,Maria Bryan,Gade Rigensgade 798,5614,3714065364
C20113,Jennifer Walls,Baggade Rolighedsvej 96,1029,618.735.2732x190
C20114,Brenda Fry,Baggade Rolighedsvej 596,7827,(372)207-7094x2526
C20115,Taylor Wilkins,Motorvej Howitzvej 4,8333,427-560-3831x85972
C20116,Sean Rivas,Baggade Toldbodgade 3,9466,081-790-3390x94605
C20117,Valerie Tyler,Gyde Toldbodgade 878,1062,106.154.6420x603
C20118,Jennifer Michael,Gyde Heinesgade 8,6387,530-168-1438x99104
C20119,Dwayne Hanson,Allé Godthåbsvej 2,3937,706.251.6937x7217
C20120,Douglas Stephens,Baggade Pilestræde 626,1700,+1-949-089-2062
C20121,Joshua Guerrero,Baggade Bülowsvej 6,1957,(816)360-2668
C20122,Susan Esparza,Parkere Amalievej 39,1495,(327)715-4658x465
C20123,Jennifer Everett,Motorvej Amalievej 9,9947,094-345-8571x18488
C20124,John Burch,Baggade Pilestræde 47,9089,+1-366-907-5897x471
C20125,Timothy Green,Baggade Åbenrå 350,7031,(211)233-2387x08021
C20126,Jessica Little,Parkere Nygade 53,3563,+1-475-389-0017x5547
C20127,James Nguyen,Gyde Toldbodgade 63,3534,265.704.3177
C20128,Alicia Stevens MD,Parkere Bülowsvej 378,4379,425.423.3752x8789
C20129,April Freeman,Baggade Åboulevard 8,2878,+1-047-947-2386x0309
C20130,Matthew Jones,Gyde Schønbergsgade 260,9891,+1-785-699-7297
C20131,Andrea Strickland,Gade Toldbodgade 3,3465,366-823-9742x26978
C20132,Christopher Carey,Motorvej Ewaldsgade 8,8689,494.309.3902x953
C20133,Mark Jones,Gade Pilestræde 462,1573,237.126.4036
C20134,Robert Harrison,Motorvej Toldbodgade 575,1545,211.140.9420x711
C20135,James Bernard,Parkere Åbenrå 9,1379,+1-949-477-5106x5130
C20136,Ruth Grimes,Gade Kingosgade 35,5905,455.963.6100x5174
C20137,Evan Smith,Allé Silkegade 38,2457,6532930854
C20138,Mark Herring MD,Gade Lavendelstræde 24,6075,(937)425-7633x94909
C20139,Marcus Sanchez,Allé Åboulevard 7,6408,001-777-115-5605x25060
C20140,Travis Burns,Parkere Heinesgade 548,5712,(494)007-4975
C20141,Sarah Parks MD,Allé Rolighedsvej 62,9707,(671)754-7571x8250
C20142,Michael Porter,Parkere Lavendelstræde 6,3493,001-936-567-6119x058
C20143,Wendy Marks,Allé Amalievej 5,9465,(427)892-2106
C20144,Kevin Cowan,Parkere Adelgade 9,6104,430-990-8991x6627
C20145,Sara Castaneda,Parkere Åbenrå 5,8292,+1-937-141-7692x351
C20146,Courtney Stark,Motorvej Toldbodgade 3,4490,001-948-074-3866x86957
C20147,Mandy Brooks,Gade Martinsvej 747,5756,001-686-965-5847x705
C20148,Danielle Patterson,Baggade Pilestræde 878,9926,444-842-9554x097
C20149,Christina Gregory,Gyde Lavendelstræde 28,6086,(193)782-0296x29338
C20150,Ruth Howe,Gyde Kingosgade 6,6108,168.703.3719x69398
C20151,Michelle White,Gade Toldbodgade 493,3539,(542)391-1526x36683
C20152,Melanie Castillo,Motorvej Nygade 81,4320,(330)332-2848
C20153,Nathan Spencer,Gade Howitzvej 239,3405,+1-116-795-6461x900
C20154,Ryan Cruz,Parkere Schønbergsgade 484,2663,+1-587-265-3129
C20155,Mark Guzman,Allé Åboulevard 73,1387,992-294-1659x31440
C20156,Carlos Cooper,Motorvej Blekingegade 495,1019,132.692.6453
C20157,Shelly Bray,Gyde Bülowsvej 11,4802,001-038-261-4576x604
C20158,Scott Mitchell,Motorvej Amalievej 169,4787,+1-706-382-3741x25437
C20159,Gregory Luna,Gade Silkegade 247,9148,001-879-805-7374x65375
C20160,Scott Ramos,Parkere Nygade 82,3978,001-391-151-8735
C20161,Adam Miles,Baggade Heinesgade 2,3633,+1-060-545-7957x2277
C20162,Travis Lloyd,Gade Adelgade 19,5849,(391)175-9107x497
C20163,Jacqueline Flores,Parkere Åbenrå 6,2143,559.519.0171x65097
C20164,Catherine Ward,Gyde Ewaldsgade 59,6134,001-934-549-1424x09547
C20165,Christian Ramirez,Baggade Nygade 781,2228,733.348.2629x084
C20166,Jeffery Clark,Gade Toldbodgade 81,1697,(871)680-5570
C20167,William Montoya,Parkere Heinesgade 3,7590,(918)497-2566x434
C20168,Diana Rodriguez,Baggade Martinsvej 48,9885,178.521.1000x151
C20169,Sharon Sims,Gyde Rigensgade 6,6178,4907319629
C20170,Corey Ramirez,Motorvej Åbenrå 331,7564,+1-292-740-4941x5679
C20171,Kelly Richardson,Gade Lavendelstræde 118,8015,354.813.7380
C20172,Tony Williams,Gade Martinsvej 90,1729,9346561555
C20173,Lori Medina,Gyde Kingosgade 75,6411,261.492.6475
C20174,Tyler Crane,Parkere Heinesgade 11,4973,373-332-1356
C20175,Sue Lewis,Motorvej Silkegade 1,5151,552.857.0333x53332
C20176,Kathy Mitchell,Motorvej Kapelvej 733,3850,(035)908-2866x9398
C20177,Joseph Wells,Gyde Amalievej 863,7633,6454245718
C20178,Jeffrey Bell III,Allé Lavendelstræde 234,4597,218.673.9535x80933
C20179,Mark Li,Gade Martinsvej 3,1864,(385)994-6894x033
C20180,Leonard Boyle,Gade Nygade 1,9549,490-074-4633
C20181,Jacob Johnston,Baggade Nygade 74,1687,902.763.2449x772
C20182,Daniel Rojas,Motorvej Blekingegade 772,4462,610.164.7034
C20183,Daniel Phillips,Gade Åboulevard 3,7374,(117)247-4113x51473
C20184,Chelsea Singh,Allé Pilestræde 3,7647,042-710-2360
C20185,Michelle Rice,Allé Godthåbsvej 8,8900,001-843-582-1888
C20186,Stephanie Holmes,Parkere Rolighedsvej 995,5710,(047)182-0157x8953
C20187,Alice Drake,Baggade Howitzvej 70,5429,(727)754-1068
C20188,Mrs. Jill Williams,Baggade Pilestræde 1,3082,666.537.4439x92455
C20189,Cheryl Nelson,Motorvej Godthåbsvej 48,4709,906-989-5440x047
C20190,Edward Diaz,Gyde Lavendelstræde 89,7545,680.136.0147x6946
C20191,Patricia Brown,Allé Schønbergsgade 42,5178,365-917-8813x7938
C20192,Christine Fisher,Parkere Amalievej 83,9789,001-672-021-9101x6078
C20193,Thomas Williams DVM,Motorvej Martinsvej 87,1146,9318113385
C20194,Melinda Saunders,Baggade Lavendelstræde 951,2487,575.913.3675x5072
C20195,James Campbell,Baggade Howitzvej 8,4043,7541218455
C20196,Bradley Oconnor,Gyde Bülowsvej 25,2349,001-947-321-3000x49133
C20197,Jesus Harvey,Allé Amalievej 238,4846,001-206-276-3326x350
C20198,Elizabeth Cox,Gade Kingosgade 2,6827,344-464-5053
C20199,Maria Trevino,Gyde Schønbergsgade 64,4457,+1-821-340-1123
C20200,Dana Robbins,Motorvej Heinesgade 79,6066,(937)905-8855x63992
C20201,Vanessa Lopez,Allé Schønbergsgade 516,3015,040-756-7594x48518
C20202,Cynthia Dominguez,Motorvej Lavendelstræde 389,4324,6127069990
C20203,Benjamin Davenport,Parkere Rolighedsvej 9,1781,991-734-6768x05103
C20204,April Dougherty,Parkere Nygade 167,7627,571.293.3061
C20205,Barbara Jackson,Baggade Bülowsvej 4,7196,534-397-7476
C20206,Sydney Odom,Motorvej Åbenrå 70,2199,(535)462-4351x7536
C20207,Benjamin Fleming,Motorvej Bülowsvej 6,4841,978.676.5042x345
C20208,Thomas Barrett,Motorvej Heinesgade 915,5968,+1-155-712-8249x708
C20209,Alfred Gay,Gyde Bülowsvej 833,1942,107.617.6681x58507
C20210,Scott Moss,Allé Howitzvej 1,5096,304.882.5104x9423
C20211,Frank Mayer,Allé Martinsvej 687,7777,054-184-6434x3381
C20212,Richard Clarke,Parkere Amalievej 98,7238,906.900.5365x423
C20213,Elizabeth Newman,Baggade Åboulevard 296,9143,(746)819-8738x903
C20214,Kenneth Scott,Parkere Schønbergsgade 695,3014,938.634.2547
C20215,Mitchell Jones,Motorvej Lavendelstræde 2,1174,595.801.1675x5513
C20216,David Wood,Baggade Toldbodgade 6,1378,259-053-5898x04425
C20217,Kayla Tran,Gyde Bülowsvej 811,3800,895.402.9889x190
C20218,Andrew Benjamin,Baggade Amalievej 5,9834,+1-749-459-2565x400
C20219,Bryan Woods,Baggade Godthåbsvej 45,7259,905.946.8368x683
C20220,Gina Smith,Allé Kapelvej 3,2544,001-952-296-5026
C20221,Thomas Jackson,Allé Ewaldsgade 11,2940,587-818-0831x75256
C20222,Vicki Cochran,Parkere Ewaldsgade 156,3419,001-302-497-6652x1073
C20223,Lisa Garza,Gade Lavendelstræde 50,2811,(744)486-4570
C20224,Katherine Pena,Parkere Åboulevard 315,1661,001-689-658-8212x1499
C20225,Jennifer Carter,Baggade Godthåbsvej 8,8952,+1-652-300-1945x570
C20226,Christopher Kent,Parkere Schønbergsgade 7,4197,447-961-8624
C20227,Shawn Henderson,Gyde Blekingegade 708,8070,247-562-3313
C20228,Ashley Young,Gyde Nygade 4,5627,978.622.5180x228
C20229,Nina Chaney,Allé Heinesgade 275,7386,600-003-4259x763
C20230,Jon Adkins,Gade Heinesgade 77,8404,001-160-068-9032
C20231,Tiffany Hughes PhD,Motorvej Kingosgade 1,1614,+1-344-716-3724x24849
C20232,Eric Patel,Baggade Nygade 186,3119,235.325.1798
C20233,Brent Smith,Baggade Åbenrå 517,1864,+1-549-101-8203x98212
C20234,Joseph Valentine,Baggade Nygade 3,5772,+1-108-596-2386x608
C20235,Robert Stevens,Allé Schønbergsgade 2,4419,635.130.1196x26670
C20236,Ashley Simmons,Gyde Åbenrå 60,5830,223.921.5395
C20237,Steven Anderson,Gyde Kapelvej 88,4355,(027)862-4827x98666
C20238,Crystal Mclaughlin,Motorvej Heinesgade 88,7656,852.504.3678
C20239,Jason Trevino,Motorvej Kingosgade 780,3229,590-795-1316
C20240,Gary Fleming,Allé Ewaldsgade 53,3702,+1-672-020-0832
C20241,Jennifer Davis,Gyde Rolighedsvej 397,7421,950-529-7200
C20242,Zachary Donaldson DDS,Baggade Kapelvej 6,2249,+1-995-802-3372
C20243,Bobby Boyd,Baggade Nygade 907,6713,536-901-1378x8749
C20244,Edward Davenport,Baggade Blekingegade 10,8519,+1-881-289-8005x77945
C20245,James Glass,Motorvej Schønbergsgade 725,9330,(914)150-7446
C20246,Amanda Ellison,Parkere Lavendelstræde 12,7927,001-859-904-3081x616
C20247,Ronald Fitzgerald,Allé Rolighedsvej 642,4847,001-703-724-7789
C20248,Christina Bell,Baggade Blekingegade 816,7236,001-685-775-0659x15882
C20249,Arthur Ramirez,Gade Bülowsvej 31,3171,(740)860-2657x8392
C20250,Daniel Nicholson,Gade Toldbodgade 7,6218,5711989573
C20251,Duane Hansen,Gade Ewaldsgade 91,8943,616.010.6192x06587
C20252,Joshua Bridges,Baggade Heinesgade 258,2933,+1-590-782-7222x808
C20253,Max Bennett,Baggade Heinesgade 967,7495,(039)869-3109
C20254,Stacey Jackson,Gyde Schønbergsgade 39,9118,(308)344-5619x6937
C20255,Blake Navarro,Gade Lavendelstræde 63,5158,+1-041-883-1286
C20256,Denise Crawford,Motorvej Schønbergsgade 48,3398,9439397914
C20257,Michael Williams,Parkere Rigensgade 6,8709,(231)314-7319
C20258,Evan Williams,Parkere Silkegade 47,8517,+1-011-081-7000x8108
C20259,Robert Watson,Parkere Schønbergsgade 212,3559,+1-165-902-4934
C20260,Joseph Harvey,Gyde Bülowsvej 87,4307,938.169.4058
C20261,Robin Miller,Gyde Silkegade 930,2475,578-604-8909
C20262,Stephen Miller,Gyde Amalievej 86,4643,339-808-7752
C20263,Catherine Petersen,Baggade Rolighedsvej 70,6401,400-333-5727
C20264,Donna Livingston,Gade Martinsvej 9,8186,001-400-898-4911
C20265,Claudia Drake,Motorvej Rolighedsvej 5,2123,001-508-739-7729x17764
C20266,Lindsay Smith,Gade Pilestræde 7,8383,2819631859
C20267,Jane Hughes,Gade Kingosgade 718,7892,(933)503-8583x328
C20268,Eric Herrera,Motorvej Kingosgade 4,8143,(763)974-1771x06986
C20269,Tommy Thompson,Parkere Martinsvej 78,1620,647.820.2272x5098
C20270,Timothy Edwards,Gyde Blekingegade 2,5391,760.462.3149x4588
C20271,Kevin Hall,Baggade Rigensgade 142,9651,+1-213-645-1230x925
C20272,Melanie Bryant,Motorvej Kingosgade 73,4972,019.188.0228x83942
C20273,Peter Adams,Parkere Pilestræde 658,2932,934-407-2960
C20274,Michael Howard,Parkere Amalievej 4,3330,+1-375-175-5470
C20275,Kevin Edwards,Parkere Martinsvej 39,1507,(048)096-6828x40532
C20276,Vanessa Mckinney DDS,Gade Silkegade 44,4304,001-505-505-4673
C20277,Jamie Marsh MD,Baggade Bülowsvej 241,1809,628-722-5588x65432
C20278,Jason King,Gyde Toldbodgade 3,5311,053-410-9760
C20279,Samuel Smith,Gade Martinsvej 7,1757,(030)926-1999
C20280,William Anderson,Parkere Kapelvej 434,9500,(988)903-4966
C20281,Philip Jenkins,Baggade Åbenrå 30,7558,026.364.1318x3675
C20282,James Hughes,Gyde Silkegade 28,5588,+1-348-199-2257x92443
C20283,Jorge Powers,Parkere Kapelvej 34,4857,816.183.7914x07387
C20284,Erik Farley,Allé Toldbodgade 64,9136,948.476.0977x88193
C20285,Daniel Evans,Parkere Rigensgade 825,2173,508.522.6701x007
C20286,Michele Smith,Motorvej Toldbodgade 264,8089,765.377.1236x08760
C20287,Jason Blackwell,Baggade Toldbodgade 3,8567,963-208-5895
C20288,Jeffrey Hughes,Allé Adelgade 18,9716,680-071-0065
C20289,Christopher Roberts,Gade Toldbodgade 283,2386,001-254-308-4477x9428
C20290,Brent Mooney,Gyde Silkegade 21,5545,0820071822
C20291,Rachel Price,Gyde Martinsvej 4,1451,780-810-1200x7142
C20292,Laura Mcdowell,Gyde Howitzvej 636,9281,(181)161-3461
C20293,Amy Hodge,Allé Toldbodgade 32,8715,(183)865-4468
C20294,Jennifer Porter,Parkere Ewaldsgade 6,7282,001-052-155-8990x26871
C20295,Brandon Ward,Gyde Kingosgade 622,6566,(018)792-2030
C20296,Amber Lee,Motorvej Blekingegade 939,5819,215.044.3059x234
C20297,Brandon Franklin,Gyde Howitzvej 45,1723,(248)413-1121
C20298,Brandon Russo DDS,Motorvej Silkegade 506,6572,+1-421-861-4830
C20299,Bobby Rios,Gade Blekingegade 134,4516,(277)858-0899x67800
C20300,Adam Lawrence Jr.,Gade Amalievej 6,8112,+1-834-653-4504x7831
C20301,Glenn Crawford,Motorvej Blekingegade 81,9457,001-246-207-0256x443
C20302,Jennifer Vaughn,Parkere Howitzvej 958,8482,404.327.4398
C20303,Andrea Alvarado,Gyde Rolighedsvej 908,7601,328.840.7999x982
C20304,Mr. Daniel Rivers,Motorvej Rigensgade 223,5240,123-394-7321
C20305,Regina Kelly,Parkere Åbenrå 9,7840,370.260.6567
C20306,Karen Collins,Motorvej Howitzvej 701,7586,6597735353
C20307,Amanda Doyle,Gyde Lavendelstræde 223,9441,625-711-9985
C20308,Joanna Grimes,Allé Ewaldsgade 7,1654,001-128-723-5668x743
C20309,Aaron Fernandez,Gade Pilestræde 8,4537,001-621-824-5588x565
C20310,Alexandra Turner,Parkere Silkegade 79,3978,001-625-577-9058x2964
C20311,Felicia Bowers,Baggade Lavendelstræde 7,9733,805-574-5622x57358
C20312,Sharon Carter,Gyde Adelgade 49,6075,4698055369
C20313,William Miller,Baggade Rolighedsvej 52,3310,+1-294-092-6877x017
C20314,Mark Good,Gyde Kingosgade 3,8873,001-580-252-4110x52685
C20315,Kendra Brown,Allé Adelgade 155,9695,051.072.1300x368
C20316,Thomas Price,Baggade Nygade 923,6528,(979)318-9632x5258
C20317,Rebecca Morris,Gyde Åbenrå 35,9767,(029)255-8482x34202
C20318,Cassandra Hernandez,Motorvej Schønbergsgade 99,9531,6636873149
C20319,Amy Buckley,Parkere Kingosgade 1,2716,844.934.1034x235
C20320,Tracy Hernandez,Gade Pilestræde 42,1601,(424)878-5419
C20321,Stephanie Bowers,Motorvej Åboulevard 89,1916,(855)431-4520
C20322,Stanley Zimmerman,Motorvej Toldbodgade 287,4989,+1-714-602-4651x87636
C20323,Suzanne Allen,Parkere Kapelvej 8,6116,001-361-411-1303x9262
C20324,Bradley Wright,Gyde Nygade 20,2536,(052)739-9305
C20325,Christopher Singh,Allé Nygade 999,2519,8467206123
C20326,Jennifer Dudley,Gade Kingosgade 789,5471,001-280-667-1098x5576
C20327,Taylor Thompson,Gade Heinesgade 302,6784,822.897.1996x5089
C20328,Sonya Sparks,Gade Rolighedsvej 17,6779,+1-680-318-8920
C20329,Elizabeth Lamb,Baggade Bülowsvej 954,5298,7471304684
C20330,Greg Anderson,Motorvej Åboulevard 44,8835,976.707.7249x43394
C20331,Marc Brooks,Gade Amalievej 7,3993,300-798-3348
C20332,Todd Webb,Baggade Kapelvej 582,1109,271-968-0734
C20333,Laura Gray,Motorvej Heinesgade 64,8713,(537)332-3185
C20334,Seth Porter,Parkere Åboulevard 2,1951,(510)079-9613x3675
C20335,Tina Patel,Allé Blekingegade 6,3481,(168)691-7195x7243
C20336,Sarah Burns,Baggade Rolighedsvej 7,3396,8418261136
C20337,Brittany Hawkins,Parkere Rigensgade 304,3871,+1-634-881-7330x6567
C20338,Alexander Noble,Parkere Silkegade 59,4496,033-599-5171
C20339,John Morrow,Motorvej Ewaldsgade 40,7202,001-904-593-4933x20032
C20340,Kim Frederick,Allé Adelgade 876,8661,556.445.2192
C20341,Sandra Guerrero,Parkere Amalievej 22,9288,565.429.2194
C20342,Caitlyn Anderson,Parkere Silkegade 125,9866,+1-018-645-0846x3460
C20343,Deborah Cooper,Gyde Nygade 83,6828,4461493299
C20344,Danielle Cook,Motorvej Kingosgade 94,8580,711.982.7719
C20345,Todd Foster,Gyde Åbenrå 1,3263,+1-303-022-8805x1572
C20346,Amber Moore,Baggade Ewaldsgade 3,7248,527-446-9440
C20347,Calvin Peterson,Gyde Heinesgade 288,7031,001-393-238-2367x682
C20348,Justin Callahan,Parkere Åboulevard 98,3138,750-793-5767x995
C20349,Justin Phillips,Gade Pilestræde 8,5758,246.128.0650
C20350,Curtis Anderson,Motorvej Bülowsvej 6,7061,464.098.9706x055
C20351,Bradley Cook,Gyde Åboulevard 797,4059,+1-381-757-5106x7187
C20352,Austin Smith,Gade Pilestræde 33,9607,169-536-5093x512
C20353,Martin Ryan,Allé Lavendelstræde 577,9811,0723530312
C20354,Christopher Mccullough,Motorvej Amalievej 7,7357,961.030.7046
C20355,Steven Davis,Motorvej Kapelvej 6,6912,(975)880-6937x638
C20356,Heather Frazier,Gyde Bülowsvej 10,8917,684.922.4166
C20357,Mark Knight,Motorvej Adelgade 871,7641,476-981-9398x15479
C20358,Jose Taylor,Gade Nygade 2,2950,567.354.4714x2361
C20359,Joseph Davis,Gyde Pilestræde 901,6396,386.653.8314x668
C20360,Brittany Thompson,Baggade Rolighedsvej 364,7324,637.206.8285x93935
C20361,Stephanie Robinson,Gade Åboulevard 591,8795,966-154-8633x545
C20362,Thomas Simon,Motorvej Howitzvej 623,4123,916-723-2365
C20363,Brandon Bolton,Motorvej Åbenrå 75,1356,6119520871
C20364,Christopher Mitchell,Baggade Rigensgade 6,4025,706.910.7190x672
C20365,Heidi Hamilton,Motorvej Åboulevard 642,7967,080-821-5180x93306
C20366,Melissa Anderson,Motorvej Åbenrå 69,6445,602-834-6370x5759
C20367,Joe Wright,Motorvej Kapelvej 33,9598,(751)642-6311x1782
C20368,Jeremy Phillips,Gyde Adelgade 6,4541,001-842-847-7005x8145
C20369,Tonya Perry,Gyde Rigensgade 683,9243,+1-231-314-2046x99991
C20370,Amanda Williams,Gyde Rolighedsvej 4,2277,001-855-969-1915x149
C20371,Justin Benson,Allé Kingosgade 810,6727,382.007.8597x39645
C20372,Robin Anderson,Gyde Rigensgade 98,1615,5086317454
C20373,Brenda Merritt,Allé Rolighedsvej 987,1009,831.987.8082
C20374,Anthony Moon,Parkere Pilestræde 75,6301,(473)073-0847
C20375,Joseph Walters,Parkere Heinesgade 682,7539,7999782247
C20376,Andrew Boyer,Allé Åboulevard 17,9530,001-267-217-8370x7125
C20377,Mrs. Ashley Everett,Gyde Godthåbsvej 29,1145,206-471-7185x45272
C20378,Kevin Taylor,Gyde Bülowsvej 610,8098,+1-016-273-5191
C20379,Bryce Shields,Gyde Åbenrå 4,2208,(214)219-7582x0842
C20380,Shannon Brown,Allé Godthåbsvej 483,3254,(023)206-4270
C20381,Justin Harris,Motorvej Lavendelstræde 86,9907,+1-097-955-7441x8579
C20382,Bobby Watts,Allé Rolighedsvej 217,2791,001-490-753-2256
C20383,Michael Black,Gade Rolighedsvej 813,2394,098.498.6058x4254
C20384,James Ortiz,Gyde Åbenrå 13,7611,641.284.8828
C20385,Kimberly Clark,Gyde Toldbodgade 9,8386,+1-062-789-4249x0415
C20386,Terry Weber,Allé Howitzvej 162,5555,971.487.7265x3239
C20387,Michael Murray,Motorvej Åboulevard 7,7114,+1-559-942-5247x0955
C20388,Danielle Thompson,Allé Lavendelstræde 921,4207,(699)611-0693x84361
C20389,Victoria Ross,Gyde Silkegade 86,6558,(892)704-0149
C20390,Deborah Davies,Gyde Kapelvej 4,8842,1922061877
C20391,Tammy Riley,Gade Kapelvej 3,9065,742.968.5577x050
C20392,Daniel Erickson,Allé Åboulevard 14,1758,882.318.8387
C20393,Matthew Davis,Motorvej Heinesgade 8,6137,+1-233-061-2307x96688
C20394,David Cole,Baggade Lavendelstræde 673,8107,(509)963-5767x310
C20395,Mr. Wayne Wood,Motorvej Åboulevard 7,8208,117.516.0314x41247
C20396,Patricia Jones,Allé Schønbergsgade 56,5417,256.349.0843x0096
C20397,Thomas Nash,Gyde Rolighedsvej 80,1342,001-687-365-9106x143
C20398,Anne Davis,Parkere Amalievej 9,5538,+1-613-295-5919x59044
C20399,Sophia Russell,Motorvej Martinsvej 75,5662,555-455-9368x615
C20400,James Nelson,Parkere Rolighedsvej 62,8432,(437)127-0653x979
C20401,David Phillips,Gyde Rolighedsvej 1,6056,001-607-113-4735
C20402,Meredith Durham,Parkere Amalievej 898,7584,001-952-639-4913
C20403,Karen Gutierrez,Baggade Åbenrå 43,8611,199.111.1030
C20404,Lisa Wolfe,Allé Godthåbsvej 9,1598,128-371-4993x248
C20405,Kimberly Lamb,Parkere Ewaldsgade 4,8877,+1-852-015-4498x7840
C20406,Alejandro Hughes,Motorvej Howitzvej 560,6049,+1-321-653-5859x740
C20407,Abigail Levy,Motorvej Martinsvej 3,4605,001-068-445-3196
C20408,Alexis Hoffman,Baggade Blekingegade 49,1301,3050451924
C20409,Timothy Brown,Motorvej Åboulevard 96,9232,598-768-4587x8841
C20410,Adam Miller,Baggade Adelgade 56,9587,819-476-4860x296
C20411,Zachary Huff,Parkere Kapelvej 92,3295,(710)229-5170x33708
C20412,Kristin Brown,Gade Amalievej 927,1863,044.147.6722x0495
C20413,Jason Black,Gade Blekingegade 8,1739,496-146-6493x63154
C20414,Kevin Wilson,Gyde Ewaldsgade 130,5076,001-811-227-4516x6460
C20415,Kathleen Wolf,Allé Toldbodgade 164,9976,277.984.4751x586
C20416,Katherine Martinez,Motorvej Åbenrå 2,4610,764-820-4198x949
C20417,Diana Jackson,Parkere Heinesgade 398,7293,6532411362
C20418,Thomas Carey,Baggade Schønbergsgade 83,4259,125-399-0026x3586
C20419,Zachary Anderson,Gade Silkegade 505,4656,4736505227
C20420,Veronica Deleon,Parkere Howitzvej 708,2192,045.877.0801x505
C20421,Patrick Bryant,Motorvej Heinesgade 452,8463,+1-100-185-8469x66069
C20422,Donald Haynes,Gyde Silkegade 366,6567,+1-844-629-0204x879
C20423,Andrew Miller,Motorvej Åboulevard 89,4425,8857788901
C20424,Kathleen Eaton,Motorvej Amalievej 6,3732,687.461.0202
C20425,Jeffrey Villegas,Motorvej Toldbodgade 499,4213,765.913.8262x26198
C20426,Michael Smith,Gade Toldbodgade 187,7090,001-253-192-9232
C20427,Christina Lane,Baggade Howitzvej 784,4417,011.795.5400x39799
C20428,Melissa King,Baggade Pilestræde 971,5374,524-076-3468x71788
C20429,Jeffrey Beck,Baggade Åbenrå 16,4243,+1-402-452-8201
C20430,Chad Smith,Motorvej Amalievej 393,7136,530.938.2914
C20431,Amy Thompson,Motorvej Lavendelstræde 5,8800,955-934-4858x20032
C20432,Thomas Schmidt,Parkere Adelgade 2,9250,595-181-4768
C20433,Laura Jones,Gade Kapelvej 812,3074,001-079-753-0217x01867
C20434,Robert Eaton,Gyde Nygade 44,2012,(353)410-9411x7484
C20435,Mary Delacruz,Gade Silkegade 2,9986,851-473-9111x3649
C20436,Tony Richardson,Gyde Heinesgade 7,4445,904-436-0993
C20437,Christopher Mcbride,Gade Adelgade 4,4981,924-859-8482
C20438,Philip Salazar,Parkere Rolighedsvej 898,5836,(427)023-3800
C20439,Steven Moore,Allé Rigensgade 59,6817,(585)439-4550x9259
C20440,Christopher Bass,Parkere Martinsvej 657,3943,001-549-389-1494
C20441,Anthony Nichols,Allé Lavendelstræde 58,9762,231.257.7612
C20442,Benjamin Williams,Baggade Rolighedsvej 4,5226,001-111-309-1701x87797
C20443,Laura Cortez,Gade Kapelvej 922,9806,0136111302
C20444,Charles Evans,Parkere Kingosgade 7,8999,2496233049
C20445,Abigail Ball,Allé Blekingegade 41,8498,001-841-371-5901x0841
C20446,Lisa Mills,Gyde Pilestræde 9,9905,257-475-3089x4968
C20447,Tracy Ward,Allé Kapelvej 719,7608,478-437-2759x25179
C20448,Jerry Mcguire,Gade Bülowsvej 858,5407,(856)289-8546x84054
C20449,Jessica Walsh,Allé Rigensgade 613,4964,225.058.5662
C20450,Julie Osborne,Baggade Adelgade 9,9527,001-988-680-2910x057
C20451,Michael Brandt,Allé Kapelvej 8,5152,001-154-232-0369x72684
C20452,Alexander Caldwell,Baggade Pilestræde 478,8302,706-592-4417x34578
C20453,Susan Williams,Parkere Adelgade 2,3630,9817760499
C20454,Dr. Micheal Allen,Parkere Kapelvej 37,5177,+1-797-736-7110x30314
C20455,James Ross,Baggade Kapelvej 265,7536,+1-400-085-6517x8791
C20456,Tyler Smith MD,Allé Lavendelstræde 7,9306,837-027-7111
C20457,Patricia Flynn,Gade Schønbergsgade 6,6388,2221178960
C20458,Frederick Jackson,Parkere Bülowsvej 305,2849,(542)201-7035
C20459,Emily Turner,Gyde Kapelvej 632,3960,3949756533
C20460,Elizabeth Thompson,Motorvej Kingosgade 731,1055,712-959-8287
C20461,Jerry Gould,Allé Åboulevard 94,3337,001-922-395-4448
C20462,Timothy Wright,Motorvej Amalievej 7,5792,(051)347-6850
C20463,Paul Hensley,Parkere Toldbodgade 48,4648,001-494-177-6852x85900
C20464,Allison Proctor,Baggade Heinesgade 88,8438,001-069-153-3518x23322
C20465,Joseph Jones,Baggade Rolighedsvej 96,1536,(035)267-0599
C20466,Wendy Burns,Gade Howitzvej 856,2635,001-406-551-9164x082
C20467,Michelle Fernandez,Allé Rigensgade 1,4052,(659)415-3413x02324
C20468,Morgan Carpenter,Allé Schønbergsgade 7,9853,233-075-1670
C20469,Kenneth Holmes MD,Baggade Åboulevard 338,4529,+1-171-848-8419x488
C20470,Veronica Vincent,Motorvej Godthåbsvej 230,3088,990-009-1063x439
C20471,Kelly Bishop,Baggade Silkegade 796,5085,(314)040-5130
C20472,Victoria Morales,Allé Heinesgade 1,7898,+1-553-964-6867
C20473,Patrick Francis,Parkere Blekingegade 302,2871,460-491-7308x13017
C20474,Charles Peterson,Baggade Åbenrå 35,1268,001-885-855-4955x373
C20475,Mary Wolf,Allé Godthåbsvej 3,5596,971.737.8477
C20476,Rhonda Lewis,Motorvej Godthåbsvej 4,1058,+1-898-150-1560
C20477,Jose Gomez,Baggade Kingosgade 66,1771,399-627-4293x84701
C20478,Joseph Anderson,Motorvej Pilestræde 23,2491,4021746115
C20479,Sean Wagner,Allé Rolighedsvej 400,6218,(216)318-2888
C20480,Selena Salazar,Gyde Toldbodgade 335,4168,+1-480-613-4281x5260
C20481,Sonya Keith,Parkere Kapelvej 54,2923,400.823.0484x365
C20482,Jeffrey Butler,Gyde Schønbergsgade 228,7933,+1-046-724-1935
C20483,Mrs. Anna Warren,Motorvej Martinsvej 693,5563,001-801-548-9908x89324
C20484,Samantha Dawson,Allé Toldbodgade 7,7380,(085)447-2712
C20485,Nancy Brooks,Allé Toldbodgade 773,2634,2789631977
C20486,Christie Padilla,Motorvej Heinesgade 3,2205,(850)856-6431x1353
C20487,Michelle Davidson,Baggade Martinsvej 46,3345,506.378.2556
C20488,Christine Barron,Gyde Martinsvej 7,9831,001-898-231-0365x459
C20489,Christine Gardner,Motorvej Martinsvej 4,9150,305-715-8440
C20490,Tara Williams,Baggade Bülowsvej 3,5669,(517)126-2294x732
C20491,David Guzman,Allé Heinesgade 723,6915,001-773-941-0951x346
C20492,April Joseph,Baggade Bülowsvej 31,4957,(823)353-6841x877
C20493,Austin Brown,Motorvej Amalievej 6,7041,932-582-2820x1135
C20494,Paul Drake,Gyde Toldbodgade 829,1217,+1-044-473-5477x9261
C20495,Christine Clark,Baggade Silkegade 802,9427,+1-163-047-4706x3797
C20496,Allison Contreras,Baggade Silkegade 413,2445,001-440-500-3513x28405
C20497,Brian Bennett,Parkere Godthåbsvej 21,2157,884.470.4043x0044
C20498,Kenneth Martinez,Parkere Pilestræde 288,8359,(280)005-2236x39577
C20499,William Murphy,Gade Amalievej 75,2616,7132460980
C20500,Molly Torres,Gade Åboulevard 393,7259,(878)928-2433
C20501,Brandon Gibson,Parkere Rolighedsvej 91,2446,(956)059-2702
C20502,Dawn Schultz,Gade Rigensgade 20,8840,(857)363-1023
C20503,Virginia Brown,Gade Rigensgade 724,6189,+1-348-304-2724
C20504,Ivan Lewis,Motorvej Bülowsvej 910,9847,(408)936-1946
C20505,John Knapp,Motorvej Åbenrå 27,3233,526.968.6461x374
C20506,Susan Murray,Baggade Godthåbsvej 560,7384,733-848-9256
C20507,Tiffany White,Gade Lavendelstræde 7,2306,+1-068-353-9561x471
C20508,James Mills,Parkere Silkegade 51,8049,682.985.8894
C20509,Eric Humphrey,Baggade Schønbergsgade 20,1339,+1-533-185-7539
C20510,Carly Sims,Motorvej Howitzvej 3,8330,(925)912-5115x30521
C20511,Briana Kent,Baggade Lavendelstræde 272,8445,001-702-421-9855x38129
C20512,Erica Horn,Baggade Bülowsvej 2,9962,(758)324-2490x2670
C20513,Kim Watts,Gade Amalievej 540,8882,001-527-187-0556x293
C20514,Zachary Jordan,Motorvej Pilestræde 24,8895,+1-379-446-2802x23409
C20515,Martha Ferguson,Gyde Rigensgade 32,4578,281-099-2622x014
C20516,Jessica Brooks,Motorvej Åbenrå 4,6681,607-823-4424
C20517,Troy Rodgers,Baggade Godthåbsvej 110,8910,001-397-798-5407
C20518,Tonya Lee,Gyde Ewaldsgade 9,1004,650.198.6654
C20519,Joseph Pruitt,Gyde Lavendelstræde 72,7651,(566)465-0567
C20520,Kimberly Miller,Gyde Godthåbsvej 2,9312,+1-686-844-7460x51126
C20521,Jennifer Burns,Parkere Nygade 493,7007,+1-360-489-5727x036
C20522,Fred Smith,Parkere Rigensgade 74,9140,+1-963-552-9202x44194
C20523,John Macdonald,Gyde Pilestræde 2,1656,001-955-662-5101x390
C20524,Dana Hughes,Gyde Adelgade 87,5247,294.282.5523
C20525,Alicia Cooke,Baggade Amalievej 59,2130,982.591.1983
C20526,Joyce Edwards,Gade Lavendelstræde 5,9745,(069)989-5939x10713
C20527,Connor Dyer,Motorvej Amalievej 599,8320,192-699-0004x3437
C20528,Jennifer King,Gade Nygade 35,5229,(893)996-9049x62538
C20529,Robert Hart,Baggade Nygade 81,4548,993.503.8212
C20530,Stephanie Watts,Allé Rigensgade 337,8780,001-344-062-9081x099
C20531,Brianna Krause,Gade Rigensgade 23,5342,630.168.8537x432
C20532,Hector Horton,Motorvej Martinsvej 2,3701,+1-678-034-0091
C20533,April Black,Motorvej Toldbodgade 33,5838,+1-199-321-5413
C20534,Deanna Brooks,Gade Blekingegade 557,5578,(369)977-1019x85721
C20535,Kristen Graves,Gade Nygade 315,2079,095-134-4232x39761
C20536,Sharon Schroeder,Gade Howitzvej 949,5315,804-789-2556x796
C20537,Mr. Ross Briggs,Gade Bülowsvej 667,1036,001-447-379-6749x380
C20538,Andrew Simmons,Gyde Åbenrå 46,3472,(082)382-3168x83984
C20539,Wayne Barnes,Gade Pilestræde 7,5778,+1-251-299-8043
C20540,Stacey Wright,Parkere Schønbergsgade 884,7583,001-150-678-5007
C20541,Sandra Larsen,Gade Rigensgade 5,9327,823.406.6389
C20542,Jordan Butler,Motorvej Bülowsvej 45,6998,+1-940-028-5877
C20543,Cheryl Goodman,Baggade Pilestræde 435,1206,(548)062-4917
C20544,April Khan,Baggade Amalievej 72,6909,(726)468-1865x36664
C20545,David Hutchinson,Gyde Ewaldsgade 70,1573,924.811.0422
C20546,Donna Rios,Parkere Pilestræde 861,8511,569.169.6548
C20547,Kristin Torres,Motorvej Åbenrå 99,7981,598-893-0261
C20548,Sydney Rojas,Baggade Toldbodgade 96,8002,001-837-711-7733x3879
C20549,Sharon Stevenson,Baggade Åbenrå 2,9663,114-871-7263x18883
C20550,Thomas Patton,Baggade Silkegade 91,1801,(066)168-1841x8928
C20551,Kristin Butler,Baggade Nygade 3,6775,712-037-0586x2292
C20552,Susan Ball,Allé Nygade 72,7833,522.481.3392x7725
C20553,Michael Reed,Baggade Godthåbsvej 895,5768,474.629.2233
C20554,Donna Robinson,Motorvej Bülowsvej 267,1696,060-200-8018
C20555,Sharon Moore,Motorvej Heinesgade 445,4334,255.021.7854x87903
C20556,Dana Valenzuela,Baggade Heinesgade 1,8181,001-622-217-7095x597
C20557,Linda Cobb,Parkere Bülowsvej 3,7140,567.287.2826x641
C20558,Nicholas Murphy,Gyde Adelgade 1,9355,542.649.2634x6888
C20559,Elizabeth Johnson,Gade Pilestræde 430,1210,2087912718
C20560,Dr. Elizabeth Mason MD,Motorvej Blekingegade 81,9965,770-181-7042
C20561,Don Hatfield,Gyde Bülowsvej 571,1804,(904)874-3675x93294
C20562,Rebecca Simmons,Parkere Nygade 4,7432,+1-399-314-5397x535
C20563,Sierra Richard,Parkere Adelgade 6,5086,+1-157-151-6502x7968
C20564,Adam Casey,Motorvej Rolighedsvej 281,9047,191.718.7271
C20565,Maria Mercado,Gyde Heinesgade 9,3707,001-631-488-9008x9906
C20566,Valerie Anderson,Motorvej Godthåbsvej 56,2435,001-527-992-5017x53002
C20567,Lori Oneill,Parkere Nygade 45,4009,+1-029-485-7314
C20568,Rickey Love,Parkere Ewaldsgade 1,2588,(719)859-0532x92326
C20569,Julie Vazquez,Allé Godthåbsvej 99,1587,221-176-4380
C20570,Michelle Mathews,Gade Nygade 70,1358,743.029.9080x236
C20571,Hector Hodges,Baggade Rigensgade 298,7145,+1-527-867-8326
C20572,Eduardo Adams,Baggade Åbenrå 30,9251,5736806128
C20573,Kevin Porter,Motorvej Heinesgade 8,4797,(944)844-7301
C20574,Laura Diaz,Baggade Heinesgade 472,6786,+1-692-870-6444x7919
C20575,Phillip Arnold,Gyde Ewaldsgade 977,6608,+1-972-997-8921
C20576,Derek Wilkins,Allé Rigensgade 329,2474,666.264.1656x93815
C20577,Jerry Rhodes,Baggade Ewaldsgade 1,6014,0195318324
C20578,Thomas Mckinney,Motorvej Kingosgade 4,2054,(392)660-5205
C20579,Fernando Lewis,Allé Godthåbsvej 931,6802,280-109-8795x39721
C20580,Keith Ball,Gyde Kingosgade 406,1990,785.825.5007
C20581,Elaine Shepherd,Parkere Schønbergsgade 7,7235,+1-954-685-9773x5618
C20582,Mark Eaton,Gade Blekingegade 3,6437,521-783-6839x56888
C20583,Amanda Collier,Gyde Bülowsvej 75,8009,069.570.4722x3068
C20584,John Fitzgerald,Allé Lavendelstræde 5,1428,001-055-954-4657x7132
C20585,Nicole Oliver,Gyde Amalievej 42,4481,(533)792-0213
C20586,Gregory Moreno,Parkere Kingosgade 526,3848,(661)538-9460
C20587,Amanda Lynch,Allé Åbenrå 950,3519,(457)467-9163
C20588,Dana Gonzalez,Allé Bülowsvej 629,4778,776-523-6045x065
C20589,Seth Crosby,Allé Ewaldsgade 910,6903,681.008.8791x0650
C20590,Dylan White,Motorvej Bülowsvej 36,4029,001-154-209-8056x299
C20591,Pamela Brown,Parkere Heinesgade 54,2866,(228)009-5774
C20592,Heather Shaw,Motorvej Kapelvej 618,5768,425-076-0557x451
C20593,Andrew Phillips,Allé Pilestræde 24,3163,+1-443-163-2284x06535
C20594,Steven Cooper,Baggade Heinesgade 480,1688,960.121.4895
C20595,Brent James,Motorvej Martinsvej 15,7040,+1-644-417-8835x439
C20596,James Clayton,Gyde Rigensgade 9,1273,+1-100-824-5863x6852
C20597,Adam Lawson,Baggade Toldbodgade 9,2183,045-950-5298x700
C20598,Tony Matthews,Allé Lavendelstræde 83,2638,+1-768-066-6473
C20599,Danielle Powell,Gyde Kingosgade 4,1530,+1-676-421-1160x43541
C20600,Michael Stephenson,Gade Åboulevard 806,2556,001-493-179-3486x994
C20601,Wendy Odom,Allé Martinsvej 202,6759,001-560-545-5421x5645
C20602,Jacqueline Hernandez,Motorvej Kapelvej 581,2479,+1-709-586-0156x08962
C20603,William Brown,Parkere Åbenrå 672,6448,0710834856
C20604,Zachary Sims,Motorvej Pilestræde 6,9205,784.121.5404
C20605,Mrs. Hannah Reed,Gade Schønbergsgade 811,8573,479-228-2863
C20606,Holly Hoffman,Gade Rigensgade 8,2950,195.401.3357x4107
C20607,Brandi Smith,Motorvej Nygade 3,3204,440-035-8033x1226
C20608,Rachel Shields,Gade Åboulevard 2,5384,(213)901-0219
C20609,Holly Fox,Allé Amalievej 14,5656,001-140-225-1477
C20610,Erika Cook,Baggade Lavendelstræde 3,1900,967-473-4643x303
C20611,Ashley Chavez,Parkere Åboulevard 23,4073,558-626-2179x9841
C20612,Jaclyn Hernandez,Gade Lavendelstræde 198,5544,9035204669
C20613,Kimberly Hernandez,Gade Ewaldsgade 93,2161,(808)454-9885x642
C20614,Gina Allen,Parkere Ewaldsgade 6,9451,+1-963-541-4090x96811
C20615,Jacob Leach,Allé Blekingegade 25,1613,001-371-997-0586x8562
C20616,Jessica Robinson,Gyde Kapelvej 699,8429,001-385-005-2458
C20617,Jennifer Welch,Parkere Martinsvej 74,7349,+1-991-409-2353
C20618,Heather Dunlap,Gyde Kapelvej 26,7430,238.050.7816x566
C20619,Tiffany Lynch,Motorvej Kapelvej 89,5412,(971)581-3329x42369
C20620,Tiffany Hall,Motorvej Pilestræde 314,9062,899-549-1059x332
C20621,Tonya Leon,Motorvej Heinesgade 5,6925,+1-519-016-9187
C20622,Nicholas Carter,Motorvej Blekingegade 43,9635,+1-151-720-9146
C20623,April Davis,Motorvej Howitzvej 634,7186,001-804-409-7193x5256
C20624,Kathy Lin,Baggade Howitzvej 8,2267,512-058-3286x07014
C20625,Rebecca Chen,Gade Ewaldsgade 6,8111,683-075-3950
C20626,Lynn Mitchell,Gade Kingosgade 939,4888,+1-582-159-2171x1776
C20627,Robert Rodriguez,Gade Heinesgade 917,4959,1444249812
C20628,Alexis Johnson,Baggade Martinsvej 5,5818,318.516.3246x97960
C20629,Lisa Lane,Allé Rolighedsvej 4,4091,341-581-8729
C20630,Dan Harris,Motorvej Godthåbsvej 27,3690,(337)594-4051x74106
C20631,Matthew Smith,Baggade Rolighedsvej 4,1199,864.856.8780x577
C20632,Sarah Hill,Gyde Bülowsvej 7,4031,6920601531
C20633,Catherine Andersen,Parkere Bülowsvej 158,2356,001-350-238-2374x2254
C20634,Caitlyn Weaver,Allé Amalievej 34,8182,495.398.2622x91626
C20635,Susan Mason,Parkere Howitzvej 442,8639,285.039.6948
C20636,Jessica Douglas,Gyde Kingosgade 69,6711,+1-243-615-2628x022
C20637,Kathleen Murray,Gyde Silkegade 70,7154,532-429-3736
C20638,Kendra Ford,Parkere Nygade 76,1855,7054648129
C20639,Jonathan Jensen,Allé Godthåbsvej 72,7121,011.050.3562
C20640,Deanna Black,Parkere Martinsvej 639,8213,286-361-0353x60124
C20641,Gail Greer,Allé Kingosgade 861,8621,001-062-095-1970x5118
C20642,Jacqueline Benson,Gyde Kingosgade 28,4052,001-216-932-3290x21881
C20643,Megan Anderson,Baggade Åboulevard 5,4351,712-204-5187x2761
C20644,Lisa Reed,Gade Silkegade 50,4220,001-998-540-5212x9395
C20645,Stacey Morris,Gade Silkegade 3,8388,001-593-904-4830x51819
C20646,Katherine Peterson,Motorvej Blekingegade 6,5175,280.150.0309x5074
C20647,Joshua Martinez,Baggade Blekingegade 543,3988,723-130-6916
C20648,Gregory Morgan,Baggade Silkegade 21,6212,+1-019-987-7352x4286
C20649,Debbie Gould,Allé Kingosgade 64,5551,+1-955-189-4700
C20650,Laura Cole,Allé Blekingegade 721,2686,278.487.5303x7103
C20651,Ronald Franklin,Gade Heinesgade 36,7613,(857)351-6091x49707
C20652,David Baldwin,Gyde Martinsvej 29,2904,(195)120-2343x153
C20653,Joseph Williams,Parkere Silkegade 1,5362,(937)277-4361
C20654,David Odonnell,Allé Adelgade 50,8233,+1-126-085-6717x0803
C20655,Pamela Johnson,Parkere Heinesgade 7,3079,(908)954-2733
C20656,Katherine Anthony,Allé Toldbodgade 750,6968,772-981-2226
C20657,Kevin Martin,Allé Silkegade 51,1103,422-852-1576
C20658,Kimberly Crawford,Allé Martinsvej 52,4392,(374)892-8695x42486
C20659,Tony Manning,Baggade Schønbergsgade 5,9615,142-379-9540x398
C20660,Peter Fuller,Parkere Amalievej 62,8427,+1-941-919-3794x712
C20661,Zachary Gilmore,Gyde Schønbergsgade 7,5254,(248)644-8987
C20662,Amanda Thomas,Allé Ewaldsgade 9,2387,+1-671-370-1174x88862
C20663,William Williams,Motorvej Kapelvej 6,3597,584-688-5422x09144
C20664,Miguel Thomas,Baggade Heinesgade 544,1219,509.544.6568
C20665,Alexander Rocha,Parkere Rolighedsvej 1,5367,+1-639-356-6491
C20666,Samantha Brady,Baggade Rolighedsvej 1,9425,046.452.7711x5443
C20667,Kellie Clark,Baggade Bülowsvej 7,9872,773.946.0190x045
C20668,Susan Snyder,Motorvej Nygade 7,9639,+1-522-408-1261
C20669,Amy Moreno,Allé Åboulevard 8,1249,5088430160
C20670,Nathaniel Carey,Gade Åboulevard 5,4403,150-270-2371x26737
C20671,Edward Shields,Gyde Toldbodgade 6,3015,203.958.1285x805
C20672,William Jennings,Gyde Kapelvej 98,1436,+1-595-832-5668x9809
C20673,Donna Burns,Allé Rolighedsvej 13,3720,691-657-5937
C20674,Cameron Johnson,Motorvej Lavendelstræde 2,8171,367.408.9123
C20675,Kevin Fisher,Motorvej Lavendelstræde 80,8327,+1-096-270-5930
C20676,Kaylee Kirby,Allé Pilestræde 33,1073,+1-679-476-3344x99655
C20677,Michael Smith,Parkere Heinesgade 54,5725,127.515.2120x29745
C20678,Emma Stokes,Parkere Pilestræde 7,3364,424-413-5286
C20679,Rodney Wolf MD,Gade Rolighedsvej 704,8423,(157)903-4016
C20680,Deborah Mcdaniel,Gyde Åboulevard 439,7990,752-135-3794x110
C20681,Mr. Kevin Robinson,Gyde Martinsvej 4,6929,(473)833-5679
C20682,Melissa Moore,Allé Howitzvej 8,6755,000-009-5835
C20683,Dana Wang,Gyde Howitzvej 43,1188,+1-897-349-0724
C20684,Debra Shelton,Gade Heinesgade 6,6631,1195063351
C20685,Robert Jennings,Gade Toldbodgade 39,1825,001-092-411-5926x832
C20686,Susan Cervantes,Allé Åbenrå 737,4911,0413346676
C20687,Melinda Bender,Baggade Toldbodgade 4,5822,001-309-000-0749x67342
C20688,Christopher Richards,Motorvej Åbenrå 49,9833,522.150.0917
C20689,Jessica Hernandez,Gade Åbenrå 979,9941,+1-226-375-5167x81381
C20690,Travis Moore,Motorvej Schønbergsgade 65,9557,001-362-899-9944x3750
C20691,Hannah Banks,Parkere Howitzvej 22,8737,001-516-057-3775
C20692,Amy Lee,Parkere Godthåbsvej 952,2306,(272)450-7947
C20693,Michael Rose,Gyde Godthåbsvej 14,1182,+1-708-668-1722
C20694,Melissa Johnson,Gade Bülowsvej 31,1466,(199)644-8032x80970
C20695,Melissa Zuniga,Parkere Adelgade 86,8766,+1-550-981-2951x0274
C20696,Erin Smith,Baggade Adelgade 57,3437,078-898-7364
C20697,Katherine Bailey,Allé Heinesgade 95,9097,001-105-395-3502x97483
C20698,Linda Patel,Baggade Bülowsvej 5,9735,001-999-414-4832x392
C20699,Melissa Gonzalez,Allé Lavendelstræde 3,6869,435.043.3480
C20700,Benjamin West,Gyde Godthåbsvej 122,8152,945-962-2751
C20701,Tim Allen,Allé Kingosgade 36,4792,001-687-523-8752x241
C20702,Bethany Tran,Allé Rigensgade 745,8246,(302)614-4934x12206
C20703,Ryan Jackson,Allé Rigensgade 62,4922,6772338676
C20704,Andrew Woodard,Parkere Bülowsvej 163,5293,001-420-982-6861x6677
C20705,Vincent Callahan,Gade Nygade 85,9517,+1-047-465-2525x3526
C20706,James Fitzpatrick,Gyde Howitzvej 5,5766,(390)351-7410x5506
C20707,Joseph Klein,Gyde Martinsvej 42,3365,(133)315-9958
C20708,Troy Flores,Parkere Kingosgade 5,2294,+1-890-620-0484
C20709,Robert Wolf DDS,Gade Åbenrå 8,1055,+1-943-080-8722x7575
C20710,John Lang,Baggade Nygade 626,4764,5008842449
C20711,Jordan Porter,Gade Blekingegade 41,9902,757.465.8199
C20712,Tonya Hancock,Parkere Adelgade 190,2371,808.965.7879
C20713,Chad Richardson,Motorvej Godthåbsvej 410,2334,906-919-7365
C20714,Stanley Simon,Motorvej Åboulevard 5,9314,827-458-1847x15071
C20715,Lynn Acevedo,Motorvej Ewaldsgade 263,4654,487-577-3766
C20716,Jennifer Stewart,Gyde Godthåbsvej 51,1383,4196681629
C20717,Rachel Osborn,Gade Heinesgade 17,9433,623-732-7406x4977
C20718,Courtney Tucker,Baggade Lavendelstræde 416,4830,3107841290
C20719,Kimberly Allison,Motorvej Toldbodgade 113,7188,+1-967-252-0315x292
C20720,Megan Pitts,Gyde Amalievej 444,8790,243.545.1994
C20721,Christopher Henry,Parkere Schønbergsgade 40,8370,999.328.3329
C20722,David Lee,Parkere Åbenrå 802,8228,001-509-137-3759x94863
C20723,Robert Becker,Allé Rolighedsvej 611,4647,2729214197
C20724,David Collins,Gyde Martinsvej 6,9582,568-768-6387x8127
C20725,Selena Harrell,Parkere Blekingegade 693,5467,627.448.2329x704
C20726,Melanie Pennington,Gyde Amalievej 7,1267,2123470220
C20727,Chad Pierce,Gade Blekingegade 458,6142,899.091.2744x857
C20728,Bradley Torres,Parkere Kingosgade 7,4932,(466)443-0283
C20729,Anthony Garcia,Gade Heinesgade 9,7545,677.469.0579
C20730,Collin Garcia,Gade Godthåbsvej 49,9528,105-153-2837x792
C20731,Eric Houston,Gade Adelgade 37,9941,309.710.7170
C20732,Eileen Valentine,Gade Howitzvej 96,1254,+1-317-564-6696x441
C20733,Dustin Robinson,Gade Kingosgade 92,4337,359.008.3297
C20734,Evelyn Love,Parkere Kapelvej 1,7075,001-395-322-0049x86719
C20735,Bonnie Freeman,Allé Rigensgade 902,2308,155.785.6378x099
C20736,Susan Obrien,Baggade Heinesgade 129,7237,885.862.5521x6185
C20737,Kaitlyn Berry,Gade Silkegade 231,3782,001-081-325-9739x860
C20738,Jeremy Lopez,Gyde Adelgade 45,6097,399-602-0737
C20739,Randall Snyder,Parkere Blekingegade 8,5742,+1-208-814-0151x389
C20740,Samantha Valencia,Motorvej Bülowsvej 23,4656,018.229.3588
C20741,Angelica Brooks,Motorvej Kapelvej 53,9845,+1-814-966-2713x5367
C20742,Patrick Reynolds,Gyde Nygade 8,7969,+1-323-381-2153x51149
C20743,Samuel Smith,Baggade Amalievej 32,9008,753.796.7781x378
C20744,Joe Dixon,Allé Toldbodgade 664,6940,+1-110-375-9214x2776
C20745,Michael Nelson,Parkere Åbenrå 87,3455,+1-994-836-6752
C20746,Brittany Mcmahon,Gade Amalievej 351,5460,+1-917-440-6121
C20747,Charlotte Cortez,Baggade Howitzvej 22,4973,574-039-9885x917
C20748,Anthony Marks,Gade Amalievej 2,3444,(113)802-3282x42248
C20749,Jason Mcknight,Allé Martinsvej 68,2743,(845)267-5699x78391
C20750,Colleen Burton,Gade Rigensgade 4,8626,(666)040-7541x0635
C20751,Erica Leon,Allé Howitzvej 72,3084,+1-484-347-2008x11264
C20752,Tyler Stewart,Parkere Nygade 596,7861,(190)897-2022x43816
C20753,Gregory Adams,Gade Schønbergsgade 20,8073,516.555.5122x669
C20754,Jason Charles,Motorvej Blekingegade 43,4042,+1-613-544-9386x105
C20755,Elizabeth Rojas,Motorvej Toldbodgade 46,4516,001-637-979-9224
C20756,Vanessa Patton,Gade Rolighedsvej 44,6055,001-360-326-5580x215
C20757,Brian Mcintyre,Allé Rolighedsvej 66,4378,254.322.4630
C20758,David Peterson,Allé Rolighedsvej 77,3448,(609)622-4450x9599
C20759,Janice Mills,Gyde Lavendelstræde 912,5733,(902)487-3566
C20760,Robert Graham,Motorvej Åboulevard 1,8045,209-302-4422
C20761,Justin Austin,Parkere Godthåbsvej 934,7252,181.334.1271
C20762,Jerry Davis,Parkere Nygade 645,5611,8014346387
C20763,Johnny Harrell,Parkere Pilestræde 8,3954,(358)470-2643
C20764,Elijah Bean,Gade Howitzvej 8,8869,022-293-9781
C20765,Ashley Ware,Gyde Heinesgade 778,4281,9609368666
C20766,Daniel Anderson,Gade Pilestræde 80,9107,(133)080-0235
C20767,Jessica Medina,Gade Schønbergsgade 1,6391,+1-649-493-6825x2760
C20768,Deborah Huang,Parkere Nygade 31,6016,199-326-3323x2068
C20769,John Henderson,Allé Schønbergsgade 75,9910,001-936-628-0078x67649
C20770,Tom Moore,Allé Toldbodgade 230,1980,4721396159
C20771,Matthew Jones,Gyde Adelgade 9,5352,001-401-595-5587x204
C20772,Connie Blake,Baggade Blekingegade 36,8815,498.869.6447
C20773,Jenna Salinas,Motorvej Lavendelstræde 41,9168,472-808-5237x772
C20774,Karen Torres,Gyde Blekingegade 82,7459,+1-090-473-2899x93555
C20775,Joseph Stewart,Motorvej Åboulevard 35,9062,512.655.0736x14286
C20776,Joseph Cline,Motorvej Nygade 44,6527,147-933-9607x526
C20777,Patrick Lawrence,Motorvej Lavendelstræde 8,1660,082.893.0292
C20778,Leslie Lee,Allé Heinesgade 7,4300,572.614.8390x63384
C20779,Vincent Fox,Gade Ewaldsgade 853,9590,(391)001-1812x5555
C20780,Leah Powers,Parkere Lavendelstræde 523,2629,919.421.9281x3441
C20781,Hannah Newton,Allé Kapelvej 588,4238,872.186.5050
C20782,Craig Barron,Motorvej Bülowsvej 303,6890,896-554-3186x327
C20783,Crystal Patel,Gyde Godthåbsvej 738,6518,832-852-0474x75933
C20784,Laurie Thomas,Gyde Blekingegade 16,4726,9563346110
C20785,Deanna Mccormick,Gyde Martinsvej 504,6674,001-941-670-6962x37375
C20786,Sarah Clark,Parkere Rigensgade 4,4203,+1-209-585-2648
C20787,Donna Taylor,Gade Schønbergsgade 94,1834,+1-905-461-2587x78537
C20788,Maria Ellis,Motorvej Kingosgade 87,3991,001-969-975-7455
C20789,John Thomas,Baggade Åboulevard 9,2583,+1-409-957-4391x001
C20790,Christopher Jacobson,Baggade Ewaldsgade 1,8181,(514)726-4992
C20791,Joseph Diaz,Gade Godthåbsvej 615,4567,205-249-7843x3405
C20792,Brenda Coleman,Gade Amalievej 169,1387,122-603-2830x751
C20793,Autumn Francis,Gyde Godthåbsvej 16,8250,601.655.2182
C20794,April Brown,Parkere Pilestræde 63,7639,2358164841
C20795,Mark Jones,Gyde Åboulevard 69,8807,001-645-415-8551x20308
C20796,Robin Gilbert DVM,Parkere Nygade 5,2903,295-213-0049
C20797,Cheryl Williams,Parkere Nygade 6,3995,(586)167-4774
C20798,Terri Rangel,Motorvej Martinsvej 87,4941,371.685.6747x15564
C20799,Patrick Barrera,Gade Silkegade 3,1633,9101143112
C20800,Kimberly Madden,Parkere Silkegade 54,7223,809.298.7919x10522
C20801,Christopher Steele,Motorvej Adelgade 10,8134,+1-571-548-3806x3580
C20802,Breanna Cervantes,Allé Nygade 673,5690,857.673.4128x53299
C20803,Lindsay Jimenez,Gyde Schønbergsgade 1,9526,001-228-982-3620x793
C20804,David Bauer,Parkere Bülowsvej 134,2750,934.657.9056x264
C20805,Morgan Dougherty,Motorvej Ewaldsgade 5,8293,001-005-687-3154x59593
C20806,Gregory Ford,Motorvej Silkegade 7,6674,(554)875-3914
C20807,Jeffrey Wright,Baggade Godthåbsvej 45,8448,(018)139-5669x63301
C20808,Tina Wells,Motorvej Kapelvej 98,9135,+1-216-260-6526x3355
C20809,Kyle Walker,Gyde Nygade 3,9298,461-520-2355x4400
C20810,Sandra Sanchez,Parkere Lavendelstræde 729,5056,(603)964-0358
C20811,Brian Carter,Parkere Schønbergsgade 8,1330,972-942-0722
C20812,William Ramirez Jr.,Parkere Heinesgade 215,9606,001-761-990-1049x66773
C20813,Logan Potter,Baggade Rolighedsvej 29,4338,178-240-7204x8551
C20814,Donna Greene,Allé Godthåbsvej 589,9500,001-669-035-5620x5059
C20815,Jacob Glass,Gyde Godthåbsvej 64,8502,447.229.5110x1327
C20816,Jessica Vance,Allé Silkegade 72,6163,(018)784-6022
C20817,Ashley Carey,Motorvej Schønbergsgade 7,3498,321.330.1082x2377
C20818,Blake Roberts,Gyde Åbenrå 41,9513,517-982-5899
C20819,Christina Brown,Gyde Kapelvej 757,7718,560.215.2080x128
C20820,David Elliott,Allé Kapelvej 4,4420,0446520371
C20821,Derek Hartman,Allé Heinesgade 4,9676,672.589.9787
C20822,Lori Cross,Gyde Rolighedsvej 47,6857,066-529-1182x2953
C20823,Brian Stokes MD,Motorvej Nygade 20,4920,687-036-3577
C20824,Joseph Price,Baggade Lavendelstræde 4,3866,565-939-4332x8280
C20825,Kyle Garza,Parkere Åboulevard 73,1565,001-275-072-7349x67752
C20826,Isaac Dawson,Gade Schønbergsgade 6,3949,188.399.0564x978
C20827,Elizabeth Simmons,Gade Åboulevard 71,7440,001-612-145-0163x9488
C20828,William Peterson,Baggade Rigensgade 5,1603,325-082-9800x312
C20829,Lauren Johnson,Gade Kapelvej 7,3660,(090)696-7154
C20830,Robert Kelly,Gade Nygade 7,4019,001-761-159-5023x7268
C20831,Joshua Reed,Gade Kapelvej 7,6079,(003)913-6384x76908
C20832,Jonathon Morris,Gyde Schønbergsgade 34,8607,552-144-5919x118
C20833,Craig Collins,Baggade Pilestræde 121,8119,(522)768-2013x163
C20834,Shelia Kennedy,Gyde Bülowsvej 5,3496,905-990-0383x593
C20835,George Mckinney,Allé Schønbergsgade 6,6203,1409715283
C20836,Brett Malone,Motorvej Nygade 86,8944,647-628-0853
C20837,Paul Washington,Parkere Kingosgade 8,1577,0379394368
C20838,Michael Vazquez,Allé Pilestræde 36,6666,001-037-920-5239x4284
C20839,Robert Dunlap,Baggade Silkegade 187,3462,338.802.6566
C20840,Catherine Johnson,Gyde Nygade 243,8526,674.216.2047
C20841,Joshua Marshall,Gyde Åboulevard 599,9214,482-596-7289x103
C20842,Betty Wade,Motorvej Ewaldsgade 75,9536,(111)679-6502x073
C20843,Dr. Andrew Sandoval,Baggade Bülowsvej 13,1429,+1-708-651-2746x577
C20844,Henry Taylor,Gade Godthåbsvej 892,7637,(599)828-6807
C20845,Ashley Hess,Baggade Ewaldsgade 16,1681,6454679486
C20846,James Tyler,Baggade Toldbodgade 7,4316,+1-221-368-1108x854
C20847,Jo Wheeler,Allé Adelgade 2,7662,(840)615-2088x264
C20848,Thomas Dunlap,Gade Åboulevard 169,4418,(092)637-0527x88687
C20849,Donald Delacruz,Baggade Nygade 966,6997,825-713-4745
C20850,Jennifer Johnson DVM,Motorvej Blekingegade 2,9460,420.232.5700x545
C20851,William Torres,Gyde Lavendelstræde 25,2685,001-293-077-2750x0086
C20852,Barry Gallegos,Gyde Heinesgade 9,4177,520.461.9120x02527
C20853,Patricia Lee,Parkere Bülowsvej 978,7957,(267)238-5755x69950
C20854,Joseph Conner,Parkere Rigensgade 8,9168,(687)687-4572
C20855,John Ho,Baggade Toldbodgade 64,2791,001-954-160-5234x843
C20856,Jonathan Miller,Gade Rolighedsvej 6,7399,+1-653-897-7694
C20857,Carol Franco,Gade Bülowsvej 886,9508,190.201.1542x1032
C20858,Donna Scott,Gyde Toldbodgade 2,7615,+1-948-375-2759
C20859,Evan Hartman,Baggade Blekingegade 762,1556,584-807-8661x7924
C20860,Claudia Jones,Allé Ewaldsgade 14,5888,358.916.6214x53661
C20861,Molly Atkinson,Gade Åbenrå 3,8163,001-173-475-4535x77635
C20862,Michael Weeks,Parkere Toldbodgade 7,3981,+1-804-163-6758
C20863,Vanessa Holloway,Motorvej Kingosgade 443,2627,+1-371-841-5798x90124
C20864,Wendy Powell,Baggade Martinsvej 4,6801,(911)449-2759
C20865,Scott Davis,Gade Ewaldsgade 91,1820,(297)828-7465x63389
C20866,David King,Baggade Adelgade 8,2010,001-209-410-0009x2288
C20867,Jonathan Robinson,Allé Toldbodgade 998,6958,001-363-694-5410x41127
C20868,Michelle Franklin,Baggade Nygade 45,2214,701-628-6902x728
C20869,Darren Guzman,Baggade Godthåbsvej 514,7279,001-590-644-6094
C20870,Kyle Smith,Gyde Rolighedsvej 781,3705,+1-080-235-7579x94178
C20871,Jose Smith,Parkere Toldbodgade 1,6517,(960)226-8721x4101
C20872,Daniel Pham,Gade Pilestræde 9,7991,953-575-6927
C20873,Ricardo Ward,Parkere Howitzvej 65,4485,(771)743-9113x6975
C20874,Nicholas Diaz,Allé Pilestræde 619,1048,932.985.3321x181
C20875,Debra Williams,Allé Howitzvej 25,5883,(961)382-4447x05698
C20876,Roberto Combs,Motorvej Ewaldsgade 3,9615,099.289.1173x32033
C20877,April Villarreal,Motorvej Rigensgade 359,7116,+1-967-872-1287x53102
C20878,Marissa Higgins,Parkere Amalievej 32,2412,293.590.3931
C20879,Debra Reid,Motorvej Schønbergsgade 271,1178,+1-057-027-5799x0445
C20880,Brianna Haynes,Gade Rolighedsvej 93,9234,153.439.6678x99311
C20881,Jose Anderson,Gade Kingosgade 804,1465,3617016245
C20882,Linda Martinez,Baggade Adelgade 19,4580,186-050-8584x1235
C20883,Michael Warren,Parkere Howitzvej 34,2909,292.477.7941x8783
C20884,Jane Jones,Gyde Ewaldsgade 6,7219,125-009-5260x26025
C20885,David King,Motorvej Bülowsvej 27,6035,(969)247-5328x44728
C20886,Gloria Miller,Gade Amalievej 7,9178,6148001135
C20887,Kelli Cervantes,Gyde Nygade 6,5715,001-010-721-2539
C20888,Laura Ross,Allé Åbenrå 3,4894,179-235-0189x727
C20889,Danny Poole,Parkere Åboulevard 69,2461,(863)687-6338
C20890,Mark Kelley,Parkere Howitzvej 7,5000,(719)696-9320x1341
C20891,Todd Clark,Baggade Godthåbsvej 90,8320,(893)989-5822x3766
C20892,Anita Chambers,Parkere Kapelvej 1,5734,(228)736-8066x0579
C20893,Michael Johnson,Parkere Amalievej 4,6585,2182611382
C20894,Rebecca Miller,Allé Amalievej 69,1521,+1-896-091-9052x5021
C20895,James Schwartz,Gyde Nygade 6,7974,5100272302
C20896,Jason Johnson,Gyde Rigensgade 70,8843,246.025.3808x95045
C20897,Dana Farley,Baggade Howitzvej 2,8286,(238)907-1452
C20898,Timothy Clark,Gyde Heinesgade 9,2408,(880)475-9480x93426
C20899,Christopher Foster,Gade Åbenrå 175,1875,(749)758-2485
C20900,Jonathan Young,Baggade Åbenrå 40,7648,(041)824-2181
C20901,Tracy Smith,Motorvej Martinsvej 867,6929,751.189.2608x041
C20902,Charles Thompson,Motorvej Heinesgade 81,7151,001-440-985-9176x4568
C20903,Robert Tucker,Motorvej Toldbodgade 58,7321,304.197.0455
C20904,Stacey Williams,Gade Adelgade 738,1179,+1-752-145-2322x8869
C20905,Anthony Kemp,Gade Heinesgade 72,4793,+1-316-648-2801x117
C20906,William Johnson,Gyde Åbenrå 505,6549,958.389.1505x278
C20907,Christian Mcknight,Allé Howitzvej 5,5179,001-912-233-4494
C20908,Kristine Garcia,Gyde Bülowsvej 585,7622,494-888-0880x4174
C20909,Robert Moore,Allé Åbenrå 65,7683,+1-252-257-6528x34329
C20910,Donald Schmidt,Motorvej Adelgade 722,3703,583-071-3641x99963
C20911,Jonathan Olson,Motorvej Blekingegade 4,5757,001-751-976-8909x28817
C20912,Kaitlin Cunningham,Gyde Adelgade 7,8311,810-038-8315x402
C20913,Bethany Gonzalez,Gade Åbenrå 54,6183,324-412-4650x0648
C20914,Joshua Kelly,Gade Bülowsvej 12,1875,645-011-1381x21861
C20915,Hector Thomas,Baggade Bülowsvej 1,1834,803-034-8948
C20916,Justin Chang,Gade Kingosgade 5,7741,+1-689-547-8928x73667
C20917,Charlene Bray,Allé Martinsvej 552,9160,825-355-7607x7494
C20918,David Davis,Gade Åbenrå 772,2274,911.626.4230
C20919,Kristy Mccullough,Allé Bülowsvej 7,4585,(812)225-9186x60915
C20920,Amanda Gilbert,Motorvej Pilestræde 24,3173,001-843-456-1499x564
C20921,Vanessa Hart,Motorvej Nygade 21,7293,001-093-852-2037x70682
C20922,Jerry Duncan,Motorvej Schønbergsgade 9,5899,(601)100-4858x30210
C20923,Karen Moore,Gade Kapelvej 732,7899,533-431-1236x6352
C20924,Shawn Ross,Allé Lavendelstræde 859,5248,(959)337-0919
C20925,Kim Kelly,Baggade Howitzvej 723,3300,044.764.3872x576
C20926,Mr. Daniel Murray,Allé Adelgade 3,7078,510-160-9398
C20927,Matthew Holland,Motorvej Schønbergsgade 2,2632,716.206.3151x4788
C20928,Margaret Norris,Motorvej Toldbodgade 918,9267,001-296-449-2041x751
C20929,Tim Nelson,Gade Rolighedsvej 566,9619,719-455-4853x867
C20930,Amanda Larson,Parkere Amalievej 342,9584,010.803.5380x03775
C20931,Tammy Johnston,Gyde Kapelvej 9,9804,506-566-4804
C20932,Kathryn Newman,Allé Ewaldsgade 812,4669,187-916-2780
C20933,Michelle Lee,Parkere Martinsvej 41,7323,(417)534-6085
C20934,Linda Church,Motorvej Howitzvej 9,4366,723.164.9704x962
C20935,Karen Obrien,Parkere Blekingegade 591,2161,6589669118
C20936,Dr. Alex Jones DDS,Motorvej Kingosgade 802,9594,(622)112-6201x18643
C20937,Misty Clark,Parkere Amalievej 9,3887,001-768-311-3704x6085
C20938,Jennifer Rice,Parkere Rolighedsvej 681,2218,647-583-0749x659
C20939,Shawn Berry,Allé Nygade 7,1624,448.326.1800x68411
C20940,Lawrence Leonard,Baggade Godthåbsvej 56,5741,2893659407
C20941,Mrs. Elizabeth Cantrell,Gade Kingosgade 8,9433,001-591-081-2079
C20942,Lindsey Dudley,Parkere Pilestræde 23,3534,+1-296-422-5867
C20943,Melissa Nichols,Motorvej Howitzvej 8,9744,(713)936-6183x2602
C20944,Kevin Joyce,Allé Howitzvej 61,1800,+1-735-689-0349x0238
C20945,Amanda Simpson,Parkere Amalievej 2,9544,700-541-9491x7989
C20946,Jeffrey Ryan Jr.,Gade Rolighedsvej 4,1328,+1-274-979-8697
C20947,Christopher Lee,Parkere Lavendelstræde 3,2014,511.537.8884x3052
C20948,Brandon Blackburn,Gade Heinesgade 1,3261,453-110-0529x5804
C20949,Lauren Casey,Motorvej Amalievej 8,1325,001-663-349-8083x219
C20950,Daniel Romero,Parkere Åbenrå 938,8613,334.735.0490
C20951,Bradley Davis,Gyde Nygade 7,8844,(856)142-8372x48562
C20952,Dr. Chad Carrillo,Gade Amalievej 6,5714,401.418.0746x313
C20953,Norman Robinson,Baggade Toldbodgade 78,7565,+1-369-888-8163x593
C20954,Cory Rios,Baggade Ewaldsgade 168,7983,(469)612-6002x91964
C20955,Michele Valdez,Motorvej Heinesgade 31,1405,676-762-4528
C20956,Jose Park,Gyde Nygade 12,9922,001-183-723-6376x5222
C20957,Jerome Howell,Baggade Rolighedsvej 691,1195,+1-313-764-1392x635
C20958,Robert Rice,Gade Åboulevard 6,2269,407.686.8405x96254
C20959,Fernando Coffey,Gyde Åbenrå 42,2251,(643)491-5490
C20960,Scott Smith,Parkere Bülowsvej 72,5286,001-505-220-3289x01701
C20961,Melinda Watson,Allé Lavendelstræde 9,9220,658-744-4331
C20962,Natasha Mcbride,Baggade Pilestræde 1,3708,869.364.5894x201
C20963,Kelly Kidd,Parkere Blekingegade 68,3577,+1-913-055-3599x8335
C20964,Nicole Smith,Gade Silkegade 672,3046,070-814-7301x63491
C20965,Carl Page,Baggade Åbenrå 767,4851,224-804-7432x9127
C20966,Debra Delacruz,Gyde Martinsvej 663,9030,001-894-066-5644x6084
C20967,Martha Johnson,Baggade Rolighedsvej 6,3207,001-695-357-1237
C20968,Natalie Powell,Gyde Silkegade 4,1753,664-387-5157x29527
C20969,Jaime Wolfe,Allé Silkegade 6,8963,9450652500
C20970,Daniel Todd,Gade Rolighedsvej 444,2667,753-173-1039x84373
C20971,Darren Gates,Gade Lavendelstræde 8,1990,7859155343
C20972,Melanie Aguilar,Baggade Adelgade 6,1065,+1-048-619-5530x55377
C20973,April Perry,Parkere Martinsvej 9,7725,+1-904-508-4458x9128
C20974,Daniel Santiago,Baggade Godthåbsvej 201,1405,798-053-5510x534
C20975,David Robinson,Gade Howitzvej 76,9020,828-073-9914
C20976,Lisa Mcclure,Parkere Silkegade 74,7333,001-253-682-9972x897
C20977,Michael Tyler,Baggade Heinesgade 228,1458,+1-797-071-0512x7753
C20978,Evan Collins III,Motorvej Silkegade 403,6160,396-108-9216
C20979,Linda Smith,Gyde Nygade 4,6203,209-644-5471x432
C20980,Kevin Jones,Baggade Howitzvej 9,5759,870.718.4217
C20981,Jessica Burns,Gade Rolighedsvej 100,5959,073.712.8756x496
C20982,Gerald Sullivan,Allé Åbenrå 95,5000,+1-723-934-0621
C20983,Robert Graves,Gade Toldbodgade 52,8081,758-794-5656
C20984,Samuel Clark,Gyde Heinesgade 33,8695,9011960939
C20985,Karen Lee,Allé Martinsvej 572,8866,379.948.9793x2912
C20986,Lindsey Edwards,Allé Kapelvej 85,5064,7440474379
C20987,Robert Stafford,Allé Åbenrå 81,3219,(398)857-1702x073
C20988,Jeff Hicks,Allé Adelgade 3,1623,550.619.8980x109
C20989,Melissa Vance,Parkere Martinsvej 36,6157,(209)750-8015
C20990,Brandy Stewart,Allé Toldbodgade 294,7882,(264)421-7806
C20991,Christian Allen,Allé Åboulevard 7,9060,287.528.6016x75683
C20992,Amy Frost,Motorvej Lavendelstræde 527,5248,(070)857-2522x41011
C20993,Paul Morton,Parkere Blekingegade 48,5356,001-943-082-8861x16387
C20994,Michael Powell,Motorvej Lavendelstræde 23,8520,(776)830-8734
C20995,Barbara Bush,Allé Blekingegade 659,4050,872-789-9433
C20996,Brian Bray,Baggade Howitzvej 98,4166,107-386-8017
C20997,Dawn Rogers,Gade Pilestræde 1,3331,547-081-1844x357
C20998,Nicole Webb,Motorvej Silkegade 747,3563,+1-807-736-1234x561
C20999,Lindsey Sloan,Allé Lavendelstræde 247,1002,(803)839-6183x1142
C21000,James Charles,Allé Silkegade 618,6269,001-473-288-2367x28251
C21001,James Rice,Motorvej Blekingegade 1,4667,174-398-2172
C21002,Dr. Bailey Yates,Gade Blekingegade 6,2707,(376)900-6285x3535
C21003,Jeremiah Powell,Gade Ewaldsgade 8,2024,(607)929-1857
C21004,Heather Tanner,Allé Godthåbsvej 905,4976,001-261-702-4504
C21005,Adam King,Gyde Heinesgade 21,6489,+1-343-659-4795
C21006,Carol Burton,Allé Toldbodgade 376,2742,+1-377-648-4772x8693
C21007,Robin Carpenter,Baggade Heinesgade 7,5155,(305)156-5356x8664
C21008,Russell Tyler,Parkere Blekingegade 6,7734,354-913-4434x103
C21009,Eric Nelson,Parkere Bülowsvej 121,8023,957.598.9121x771
C21010,Chad Brown,Motorvej Lavendelstræde 90,2431,+1-181-214-6504
C21011,James Scott Jr.,Gyde Ewaldsgade 7,6829,+1-769-351-6400x37554
C21012,Brooke Lopez,Allé Martinsvej 3,3274,380.952.6324x2256
C21013,Dawn Jackson,Gade Bülowsvej 3,7750,+1-330-669-4535x697
C21014,Angela Moore,Baggade Schønbergsgade 2,1480,5767648542
C21015,Adam Peterson,Gyde Toldbodgade 9,7571,+1-927-149-6431x09291
C21016,Matthew King,Gyde Åboulevard 662,8454,+1-839-951-3773x7266
C21017,Teresa Harrington,Parkere Kingosgade 169,3688,001-535-471-9548x7660
C21018,James Young,Gyde Åbenrå 14,6923,(810)186-1397
C21019,Tony Edwards,Baggade Rolighedsvej 353,2981,(301)368-5288
C21020,James Valenzuela,Baggade Nygade 98,8722,373-330-9528
C21021,Jaclyn Leon,Parkere Toldbodgade 226,1352,358-099-4431
C21022,Jerry Hernandez,Motorvej Ewaldsgade 3,8148,227.412.4171
C21023,Karen Carter,Motorvej Howitzvej 35,8222,032-807-3320x8373
C21024,Joshua Key,Gyde Amalievej 465,3562,001-256-638-5655
C21025,Randy Ruiz,Parkere Toldbodgade 469,1370,310-853-5296
C21026,Anthony Tyler,Motorvej Rolighedsvej 4,2598,232-460-2145
C21027,Shelley Bryant,Allé Bülowsvej 3,9835,777.270.9978
C21028,Denise Hunt,Motorvej Kingosgade 995,3870,(938)203-2385
C21029,Jimmy Ellis,Gyde Heinesgade 7,4831,+1-436-162-2609x8108
C21030,Michele Harrison,Gyde Silkegade 358,4980,001-155-782-0860x609
C21031,Thomas Boyd,Motorvej Blekingegade 7,8696,976-146-1000x612
C21032,John Brown,Parkere Pilestræde 130,4506,393.632.7617x36190
C21033,Zachary Green,Allé Kapelvej 6,1135,001-615-954-4616x88090
C21034,Ronald Gomez,Motorvej Rigensgade 31,6474,905-989-2822
C21035,William Hernandez,Parkere Howitzvej 57,4644,001-324-334-2456x554
C21036,Christopher Cameron,Baggade Silkegade 6,1570,001-691-849-1296
C21037,Alyssa Tran,Parkere Silkegade 9,4278,001-740-376-0009x8367
C21038,Ryan Parker,Motorvej Rigensgade 629,3583,001-858-508-1874x62867
C21039,Logan Moore,Parkere Adelgade 5,8484,+1-706-023-9945x713
C21040,Douglas Williams,Allé Godthåbsvej 9,6442,+1-691-605-7543x240
C21041,Edwin Hayes,Parkere Ewaldsgade 3,3086,001-507-061-0342x83445
C21042,Mary Chapman,Motorvej Rigensgade 734,4806,149-227-6120x3977
C21043,Kimberly Willis,Allé Schønbergsgade 8,4563,+1-766-497-6872x278
C21044,Norman Hernandez,Baggade Åboulevard 24,2721,+1-043-196-4772x8043
C21045,Mindy Carroll,Motorvej Pilestræde 167,1031,039.868.3569x10784
C21046,Adam Higgins,Allé Rolighedsvej 82,6006,(744)078-1337x57458
C21047,Vincent Kerr,Gyde Lavendelstræde 2,3835,968.204.2945
C21048,Joseph Dunn,Gyde Ewaldsgade 2,4297,(927)327-5845x79415
C21049,Jonathan Williams,Baggade Howitzvej 6,4833,+1-192-261-9642x857
C21050,Monica Wilson,Gade Kingosgade 45,7775,845.983.2092
C21051,Melinda Ewing,Baggade Martinsvej 6,8724,(969)069-2320
C21052,Christopher Nichols,Gade Rigensgade 44,6041,083.592.2932x24526
C21053,Lance Thompson,Gyde Åbenrå 9,7539,642-544-7400
C21054,Ronald Velazquez,Parkere Martinsvej 825,8759,001-020-437-7725x500
C21055,Gina Webster,Parkere Blekingegade 57,1381,(743)649-2977x36848
C21056,Michael Parsons,Motorvej Schønbergsgade 29,2756,936-068-8121x90102
C21057,Kaylee Brown,Allé Howitzvej 71,4262,(164)893-2765
C21058,Vincent Williams,Gade Pilestræde 26,2937,(513)960-9138x6337
C21059,Gabriel Gordon,Allé Blekingegade 9,6217,+1-124-251-2832
C21060,Alexander Hawkins,Allé Adelgade 3,7575,+1-551-882-7759x3951
C21061,Linda Ramirez,Gade Blekingegade 706,5782,(577)856-3146x0883
C21062,Debbie Anderson,Motorvej Pilestræde 59,7884,(249)987-7511
C21063,Lisa Adams,Baggade Silkegade 541,4107,(467)610-2445
C21064,Allison Wilkins,Motorvej Kapelvej 816,6325,4453466405
C21065,Michael Burns,Motorvej Kapelvej 524,4211,001-082-836-9464x6299
C21066,Melissa Rodriguez,Gade Amalievej 28,8967,+1-081-087-9788
C21067,Eric Wright,Allé Bülowsvej 8,7357,001-483-578-1101x530
C21068,Michael Carlson,Motorvej Howitzvej 64,5956,001-769-876-6744x087
C21069,Kim Cruz,Parkere Adelgade 81,2101,001-185-469-2984
C21070,Teresa Martinez,Motorvej Kingosgade 35,5172,+1-398-928-3940x81183
C21071,Julia Anderson,Baggade Rigensgade 86,9351,951.856.3210
C21072,Jon Powell,Gade Lavendelstræde 454,2593,(139)470-0072x8365
C21073,Michael Buckley DDS,Gyde Ewaldsgade 567,1231,033.611.7520
C21074,Sarah Meyer,Motorvej Blekingegade 88,5961,022-599-8149x1141
C21075,Laura Burns,Gade Godthåbsvej 96,9356,113.068.6073x94598
C21076,Dr. Tyler Burns,Gade Bülowsvej 71,1737,145-367-7645x90963
C21077,Kenneth Jones,Gyde Pilestræde 871,3056,859-665-5568
C21078,Michael Hanson,Gade Adelgade 5,3841,(944)002-9974x51867
C21079,Hayden Bass,Gade Amalievej 434,5955,213.268.8582
C21080,Alexander Jones,Parkere Martinsvej 75,4915,+1-152-603-9471x3138
C21081,Marc Bailey,Gade Pilestræde 27,5062,001-696-676-3250x113
C21082,Ashley Nichols,Parkere Ewaldsgade 4,8657,527.846.4023
C21083,George Anderson,Gade Pilestræde 238,5195,+1-878-936-6865x96207
C21084,Adriana Carr,Baggade Kapelvej 2,1094,5361470347
C21085,Michael Hernandez,Allé Godthåbsvej 6,1503,262.460.1704x81082
C21086,Christina Sanchez,Baggade Blekingegade 5,1511,(201)376-3134x84716
C21087,Matthew Smith,Baggade Howitzvej 635,1607,853.458.1537x970
C21088,Leroy Bruce,Gade Rigensgade 412,5486,932.220.3615x802
C21089,James Fletcher,Parkere Toldbodgade 469,9911,199.486.0673x68396
C21090,Cathy Morris,Gyde Heinesgade 31,9269,7481007055
C21091,Keith Gutierrez,Gyde Blekingegade 99,3134,440.537.7862x13866
C21092,Patrick Kemp,Parkere Silkegade 19,8139,708.401.7740x403
C21093,Mr. Nathan Sexton,Motorvej Blekingegade 9,2962,715-533-5088x7692
C21094,Terry Andrews,Baggade Rolighedsvej 550,8424,281.449.1802
C21095,Christopher Wilson,Motorvej Åbenrå 161,1494,398.900.2963x3718
C21096,Matthew Contreras,Gyde Pilestræde 933,4477,+1-407-953-0901x97321
C21097,Jamie Clark,Baggade Martinsvej 50,5054,9360940612
C21098,Kelly Silva,Parkere Silkegade 7,4613,+1-689-680-1747
C21099,Anthony Ross,Allé Åbenrå 24,9174,001-787-602-5547
C21100,Christopher Buck,Gyde Nygade 6,7800,001-392-892-6079x94963
C21101,James Young,Gade Kingosgade 611,2634,727.738.0365x4276
C21102,Mark Juarez,Motorvej Kingosgade 519,5820,854.086.4757
C21103,Michael Jackson,Gade Pilestræde 252,2626,632-719-5836x7009
C21104,Kendra Marquez,Allé Åboulevard 5,8724,165-930-2259
C21105,Mary Rojas,Gade Ewaldsgade 2,3492,(208)036-1411x2020
C21106,Anthony Wallace,Gade Adelgade 9,9934,(243)610-3252
C21107,Danny Atkinson,Allé Schønbergsgade 15,7228,(070)870-9874
C21108,Mr. Joshua Hunt,Gyde Nygade 793,7107,129.905.6415
C21109,Justin Lucas,Gyde Heinesgade 592,4468,902-434-5756x11630
C21110,Monica Burns,Allé Schønbergsgade 6,7615,+1-109-840-3904
C21111,Daniel Wilson,Gyde Adelgade 1,8022,167-205-5169x51431
C21112,Anthony Ortiz,Parkere Blekingegade 377,2453,942-253-9142
C21113,Joshua Moss,Allé Nygade 61,4690,(168)978-3552x967
C21114,Manuel Hughes,Motorvej Kapelvej 596,6741,001-116-839-6841x7035
C21115,Megan Burke,Motorvej Pilestræde 973,1729,(363)594-8184x885
C21116,Kenneth Whitaker,Parkere Kingosgade 317,8696,258.806.5518x69677
C21117,Felicia Hughes,Allé Rigensgade 494,8163,(503)860-8779
C21118,Amber Cowan,Gyde Amalievej 552,3528,(866)507-4814x541
C21119,Michael Levine,Allé Silkegade 361,6898,713-119-8778x475
C21120,Lauren Clark,Motorvej Howitzvej 3,3233,009-593-1244x54744
C21121,Edward Castillo,Baggade Toldbodgade 37,6608,+1-366-481-0163x70416
C21122,Patricia Parker,Motorvej Schønbergsgade 64,4670,641.057.7217x6768
C21123,Barbara Coleman,Gyde Nygade 6,3776,+1-079-010-6828x3628
C21124,Raymond Armstrong,Allé Kingosgade 79,8953,397-210-2685
C21125,Jennifer Chapman,Baggade Bülowsvej 96,7752,001-351-539-7824x6207
C21126,Jacob Boyle,Gyde Lavendelstræde 907,1746,443-969-8154x70316
C21127,Susan Mcgee,Gade Ewaldsgade 674,9405,+1-612-346-5166x83999
C21128,Blake Conley,Gyde Nygade 2,4320,(882)565-6605x089
C21129,Heather Brown,Gade Schønbergsgade 36,3550,001-218-993-9669x03895
C21130,Shannon Freeman,Allé Pilestræde 761,7998,+1-098-337-3175x7275
C21131,Dana Jenkins,Motorvej Lavendelstræde 48,6803,874.668.5010
C21132,Diane Perry,Baggade Lavendelstræde 3,1483,001-146-763-8615
C21133,Donald Jordan,Gade Åboulevard 613,6409,7894517976
C21134,Jean Jones,Baggade Nygade 25,2291,001-040-824-0944x027
C21135,Rita Bradley,Baggade Nygade 56,8046,(789)184-0584
C21136,Teresa Garcia,Motorvej Silkegade 227,5413,107-536-6742x10506
C21137,Melissa Davis,Allé Bülowsvej 6,6406,9955562848
C21138,Gabriel Vasquez,Gade Schønbergsgade 16,8093,001-636-433-3282x84919
C21139,Joseph Blanchard,Parkere Kapelvej 911,7804,001-907-792-6248x14120
C21140,Ms. Dominique Waters,Gyde Kingosgade 89,5655,019-774-8843
C21141,Michelle Wilson,Baggade Kingosgade 9,9214,001-487-260-4787x5622
C21142,Dominique Wright,Allé Godthåbsvej 5,4222,(369)874-9441
C21143,David Murray,Parkere Toldbodgade 810,3647,(603)635-0729
C21144,Lauren Lara,Allé Bülowsvej 4,5260,(670)666-0553x83532
C21145,Jessica Woods,Allé Amalievej 820,8177,966.903.9543x3704
C21146,Phillip Sanchez,Gyde Rigensgade 215,2317,482.990.2307x106
C21147,Shannon Bradford MD,Parkere Rigensgade 36,7985,001-520-904-3801x9911
C21148,Russell Oliver,Allé Amalievej 40,2624,001-292-931-1778
C21149,Karen Wright,Baggade Howitzvej 41,1967,823.349.7883
C21150,Ernest Cox,Allé Kingosgade 681,2000,485.357.2398
C21151,Kiara Harrison,Allé Bülowsvej 8,9984,(914)382-9089x5048
C21152,Robert Ortiz,Gade Heinesgade 1,4110,438-608-0817
C21153,Robin Allison,Gade Lavendelstræde 1,5970,2262296246
C21154,Matthew Shelton,Allé Howitzvej 748,4648,(749)525-2616
C21155,Shawn Colon,Gyde Schønbergsgade 547,9098,255-014-6453
C21156,Patricia Morgan,Gade Godthåbsvej 181,8429,848-419-3635
C21157,Stephen Caldwell,Gyde Heinesgade 930,2515,(570)331-4130
C21158,Christopher Noble,Parkere Adelgade 60,8082,490-039-2168x7332
C21159,Christopher Mitchell,Baggade Heinesgade 866,5878,074.598.1352x457
C21160,John Fleming,Baggade Amalievej 380,4316,(152)082-1588x76710
C21161,Mark Miles,Gyde Ewaldsgade 272,5321,001-248-163-5673x43261
C21162,Daniel Wu,Baggade Kingosgade 3,4571,651.404.0418
C21163,Mark Hill,Parkere Ewaldsgade 64,8777,375.359.5954
C21164,Jo Gray,Allé Amalievej 4,5296,001-311-393-8538x0566
C21165,Joshua Edwards,Motorvej Toldbodgade 15,1921,428-709-4757x51535
C21166,Matthew Spencer,Gyde Amalievej 1,4980,2079916837
C21167,Lauren Franklin,Parkere Amalievej 33,4156,001-782-510-2403x235
C21168,Courtney Hall,Gade Blekingegade 198,3965,2170634228
C21169,Jerry Hughes,Gade Toldbodgade 298,6792,001-705-650-6812x705
C21170,Wendy Jones,Gyde Schønbergsgade 66,4780,1943932897
C21171,Makayla Cooper,Baggade Lavendelstræde 23,7358,350.626.3630x79116
C21172,Jeffery Cobb,Gyde Blekingegade 787,7668,+1-064-061-9607x29431
C21173,Makayla Williamson,Allé Heinesgade 7,2244,(070)832-8531x1743
C21174,Mr. Jason Brown,Allé Schønbergsgade 641,4749,(990)252-5274x7348
C21175,Todd Gutierrez,Baggade Lavendelstræde 603,8358,743.821.3647x592
C21176,Randy Peterson,Gyde Bülowsvej 358,8691,(897)192-7567x085
C21177,Charles Christensen,Motorvej Amalievej 934,2614,(851)429-4274x969
C21178,David Gonzalez,Gade Howitzvej 487,3808,437.652.1262x0777
C21179,Joshua Johnson,Allé Heinesgade 7,8093,(870)843-6555x322
C21180,Michele Garcia,Motorvej Åbenrå 209,5975,891-655-8069x549
C21181,Bailey Ware,Motorvej Adelgade 81,9798,664.688.3366x78482
C21182,Jocelyn Mccoy,Parkere Kapelvej 109,6857,069-359-2739
C21183,Lydia Austin MD,Baggade Blekingegade 182,7609,246-902-4915x427
C21184,Mr. Vincent Hernandez,Allé Kingosgade 88,8058,788-018-8486x4715
C21185,Jennifer Harper,Parkere Kapelvej 856,6444,(434)884-8182x40821
C21186,Rebecca Smith,Motorvej Adelgade 429,8827,(109)309-5224
C21187,Mike Strong,Gyde Åboulevard 246,1515,817-563-4745x039
C21188,Tonya Davis,Gyde Adelgade 6,8335,094-836-2983x005
C21189,Matthew Myers,Baggade Schønbergsgade 4,1426,202-218-0681
C21190,Jesus Sanford,Allé Adelgade 2,6491,+1-637-676-2780x858
C21191,Elizabeth Wilson,Motorvej Nygade 90,8326,069-657-7831
C21192,Jamie Thompson,Motorvej Lavendelstræde 865,4782,(176)638-5796
C21193,Jacob Wilson,Parkere Kingosgade 7,5496,001-591-271-4177x50357
C21194,Melissa Lopez,Allé Kapelvej 442,5071,+1-383-162-6972
C21195,Brooke Miller,Baggade Schønbergsgade 374,1200,075-350-7157x647
C21196,Daniel Henry,Baggade Rigensgade 5,6825,910.579.6276
C21197,Steven Jacobs,Gyde Adelgade 90,1999,+1-876-061-0595
C21198,Susan Buchanan,Motorvej Blekingegade 7,7082,789-845-9776
C21199,Karla Banks,Baggade Pilestræde 263,8801,301.562.9205
C21200,Michael Black,Allé Ewaldsgade 3,2707,027-792-7386
